-- phpMyAdmin SQL Dump
-- version 4.7.4
-- https://www.phpmyadmin.net/
--
-- Host: 127.0.0.1
-- Generation Time: Jan 18, 2021 at 05:48 AM
-- Server version: 10.1.29-MariaDB
-- PHP Version: 7.2.0

--
-- Author: @Galaxx.dev - @dioilham.com
--
SET SQL_MODE = "NO_AUTO_VALUE_ON_ZERO";
SET AUTOCOMMIT = 0;
START TRANSACTION;
SET time_zone = "+00:00";


/*!40101 SET @OLD_CHARACTER_SET_CLIENT=@@CHARACTER_SET_CLIENT */;
/*!40101 SET @OLD_CHARACTER_SET_RESULTS=@@CHARACTER_SET_RESULTS */;
/*!40101 SET @OLD_COLLATION_CONNECTION=@@COLLATION_CONNECTION */;
/*!40101 SET NAMES utf8mb4 */;

--
-- Database: `db_botol`
--

-- --------------------------------------------------------

--
-- Table structure for table `barang`
--
-- Creation: Dec 20, 2020 at 06:18 AM
--

DROP TABLE IF EXISTS `barang`;
CREATE TABLE `barang` (
  `id_barang` char(7) NOT NULL,
  `nama_barang` varchar(255) NOT NULL,
  `stok` double NOT NULL,
  `satuan_id` int(11) NOT NULL,
  `jenis_id` int(11) NOT NULL,
  `harga` int(11) NOT NULL
) ENGINE=InnoDB DEFAULT CHARSET=utf8 ROW_FORMAT=COMPACT;

--
-- Truncate table before insert `barang`
--

TRUNCATE TABLE `barang`;
--
-- Dumping data for table `barang`
--

INSERT INTO `barang` (`id_barang`, `nama_barang`, `stok`, `satuan_id`, `jenis_id`, `harga`) VALUES
('B000001', 'Intisari 620ml', 294, 6, 10, 475000),
('B000002', 'Arak Obat Kecil 275ml', 141, 6, 10, 650000),
('B000003', 'Arak Obat Besar 620ml', 17.5, 6, 10, 650000),
('B000004', 'Anggur Merah gold 620ml', 194.5, 6, 10, 650000),
('B000005', 'Anggur Merah Gold 275ml', 4, 6, 10, 650000),
('B000008', 'Aicland 500ml', 3, 6, 10, 1100000),
('B000009', 'Aicland 350ml', 13, 6, 10, 780000),
('B000010', 'Intisari Kopi 620ml', 6, 6, 10, 475000),
('B000011', 'Singaraja 620ml', 174, 6, 10, 300000),
('B000012', 'Soju 350ml', 1, 7, 10, 55000),
('B000013', 'Bir Bintang 620ml', 8, 6, 10, 380000),
('B000014', 'Bir Hitam 620ml', 8, 6, 10, 380000),
('B000015', 'Drum 350ml', 1, 6, 10, 600000),
('B000016', 'Mix mex 270ml', 11, 6, 10, 320000),
('B000017', 'Whisky Drum 700ml', 3, 6, 10, 1600000),
('B000018', 'Newport 620ml', 6, 6, 10, 600000),
('B000019', 'Anggur Putih 620ml', 24, 6, 10, 580000);

-- --------------------------------------------------------

--
-- Table structure for table `barang_keluar`
--
-- Creation: Jan 16, 2021 at 01:58 PM
--

DROP TABLE IF EXISTS `barang_keluar`;
CREATE TABLE `barang_keluar` (
  `id_barang_keluar` char(16) NOT NULL,
  `user_id` int(11) NOT NULL,
  `id_customer` int(11) NOT NULL,
  `nama_penerima` char(50) NOT NULL,
  `alamat` text NOT NULL,
  `tanggal_keluar` date NOT NULL,
  `total_nominal` int(11) NOT NULL,
  `diskon` double(11,0) DEFAULT '0',
  `grand_total` int(11) NOT NULL,
  `payment` enum('kontrabon','transfer','cash') NOT NULL,
  `paid_amount` bigint(20) NOT NULL,
  `left_to_paid` bigint(20) NOT NULL
) ENGINE=InnoDB DEFAULT CHARSET=utf8 ROW_FORMAT=COMPACT;

--
-- Truncate table before insert `barang_keluar`
--

TRUNCATE TABLE `barang_keluar`;
--
-- Dumping data for table `barang_keluar`
--

INSERT INTO `barang_keluar` (`id_barang_keluar`, `user_id`, `id_customer`, `nama_penerima`, `alamat`, `tanggal_keluar`, `total_nominal`, `diskon`, `grand_total`, `payment`, `paid_amount`, `left_to_paid`) VALUES
('T-BK-20112300001', 1, 1, 'Tk Kerkop', 'Kerkop, Garut', '2020-11-23', 6780000, 0, 6780000, 'kontrabon', 0, 0),
('T-BK-20112300002', 1, 1, 'Tk Budi', 'Ciparay, Garut', '2020-11-23', 3060000, 0, 3060000, 'kontrabon', 0, 0),
('T-BK-20112300003', 1, 1, 'Tk Andre', 'Kerkop, Garut', '2020-11-23', 0, 0, 0, 'kontrabon', 0, 0),
('T-BK-20112300004', 1, 1, 'Tk Yuyun', 'IBC', '2020-11-23', 1080000, 0, 1080000, 'kontrabon', 0, 0),
('T-BK-20112300005', 1, 1, 'Tk Dimas Botol', 'Bojong larang', '2020-11-23', 900000, 0, 900000, 'kontrabon', 0, 0),
('T-BK-20112400001', 1, 1, 'Tk Dimas Botol', 'Bojong larang', '2020-11-24', 1350000, 0, 1350000, 'kontrabon', 0, 0),
('T-BK-20112400002', 1, 1, 'Tk Budi', 'Ciparay, Garut', '2020-11-24', 11070000, 0, 11070000, 'kontrabon', 0, 0),
('T-BK-20112400003', 1, 1, 'Hendrik Tarogong', 'Tarogong', '2020-11-24', 6720000, 0, 6720000, 'kontrabon', 0, 0),
('T-BK-20112400004', 1, 1, 'Tk Andre', 'Kerkop, Garut', '2020-11-24', 1350000, 0, 1350000, 'kontrabon', 0, 0),
('T-BK-20112400005', 1, 1, 'Hendrik Cikajang', 'Cikajang', '2020-11-24', 13350000, 0, 13350000, 'kontrabon', 0, 0),
('T-BK-20112400006', 1, 1, 'Teh Oca', 'Cikajang', '2020-11-24', 5580000, 0, 5580000, 'kontrabon', 0, 0),
('T-BK-20112400007', 1, 1, 'Sopyan', 'Jl Rumah Sakit', '2020-11-24', 23700000, 0, 23700000, 'kontrabon', 0, 0),
('T-BK-20112400008', 1, 1, 'Peni', 'Kerkop, Garut', '2020-11-24', 2520000, 0, 2520000, 'kontrabon', 0, 0),
('T-BK-20112400009', 1, 1, 'Rumah', 'Cicalengka', '2020-11-24', 2440000, 0, 2440000, 'kontrabon', 0, 0),
('T-BK-20112400010', 1, 1, 'Bu Dedeh', 'Simlim', '2020-11-24', 900000, 0, 900000, 'kontrabon', 0, 0),
('T-BK-20112400011', 1, 1, 'Tk Yuyun', 'IBC', '2020-11-24', 1080000, 0, 1080000, 'kontrabon', 0, 0),
('T-BK-20112400012', 1, 1, 'Adun', 'Kerkop, Garut', '2020-11-24', 450000, 0, 450000, 'kontrabon', 0, 0),
('T-BK-20112500001', 1, 1, 'Tk Dimas Botol', 'Bojong larang', '2020-11-25', 2790000, 0, 2790000, 'kontrabon', 0, 0),
('T-BK-20112500002', 1, 1, 'Tn Ucu', 'Cikajang', '2020-11-25', 7020000, 0, 7020000, 'kontrabon', 0, 0),
('T-BK-20112500003', 1, 1, 'Hendrik Cikajang', 'Cikajang', '2020-11-25', 16200000, 0, 16200000, 'kontrabon', 0, 0),
('T-BK-20112500004', 1, 1, 'Hendrik Cikajang', 'Cikajang', '2020-11-25', 630000, 0, 630000, 'kontrabon', 0, 0),
('T-BK-20112500005', 1, 1, 'Tn Ucu', 'Cikajang', '2020-11-25', 630000, 0, 630000, 'kontrabon', 0, 0),
('T-BK-20112500006', 1, 1, 'Hendrik Tarogong', 'Tarogong', '2020-11-25', 8910000, 0, 8910000, 'kontrabon', 0, 0),
('T-BK-20112500007', 1, 1, 'Hendrik Tarogong', 'Tarogong', '2020-11-25', 630000, 0, 630000, 'kontrabon', 0, 0),
('T-BK-20112500008', 1, 1, 'Noeng', 'Kadungora', '2020-11-25', 1080000, 0, 1080000, 'kontrabon', 0, 0),
('T-BK-20112500009', 1, 1, 'Tk Yuyun', 'IBC', '2020-11-25', 900000, 0, 900000, 'kontrabon', 0, 0),
('T-BK-20112500010', 1, 1, 'Dani', 'Kerkop, Garut', '2020-11-25', 450000, 0, 450000, 'kontrabon', 0, 0),
('T-BK-20112500011', 1, 1, 'Tk Dimas Botol', 'Bojong larang', '2020-11-25', 1350000, 0, 1350000, 'kontrabon', 0, 0),
('T-BK-20112500012', 1, 1, 'Tn Aki', 'Tasikmalaya', '2020-11-25', 20160000, 0, 20160000, 'kontrabon', 0, 0),
('T-BK-20112600001', 1, 1, 'Tk Dimas Botol', 'Bojong larang', '2020-11-26', 1350000, 0, 1350000, 'kontrabon', 0, 0),
('T-BK-20112600002', 1, 1, 'Tk Budi', 'Ciparay, Garut', '2020-11-26', 11160000, 0, 11160000, 'kontrabon', 0, 0),
('T-BK-20112600003', 1, 1, 'AKIW', 'Kadungora', '2020-11-26', 12330000, 0, 12330000, 'kontrabon', 0, 0),
('T-BK-20112600004', 1, 1, 'Peni', 'Kerkop, Garut', '2020-11-26', 1800000, 0, 1800000, 'kontrabon', 0, 0),
('T-BK-20112600005', 1, 1, 'Tk Yuyun', 'IBC', '2020-11-26', 2160000, 0, 2160000, 'kontrabon', 0, 0),
('T-BK-20112600006', 1, 1, 'Bu Dedeh', 'Simlim', '2020-11-26', 450000, 0, 450000, 'kontrabon', 0, 0),
('T-BK-20112600007', 1, 1, 'Tk Dimas Botol', 'Bojonglarang', '2020-11-26', 630000, 0, 630000, 'kontrabon', 0, 0),
('T-BK-20112700001', 1, 1, 'Dani', 'Kerkop, Garut', '2020-11-27', 900000, 0, 900000, 'kontrabon', 0, 0),
('T-BK-20112700002', 1, 1, 'Noeng', 'Kadungora', '2020-11-27', 1080000, 0, 1080000, 'kontrabon', 0, 0),
('T-BK-20112700003', 1, 1, 'Tk Budi', 'Ciparay, Garut', '2020-11-27', 3870000, 0, 3870000, 'kontrabon', 0, 0),
('T-BK-20112700004', 1, 1, 'Hendrik Tarogong', 'Tarogong', '2020-11-27', 5970000, 0, 5970000, 'kontrabon', 0, 0),
('T-BK-20112700005', 1, 1, 'Peni', 'Kerkop, Garut', '2020-11-27', 9900000, 0, 9900000, 'kontrabon', 0, 0),
('T-BK-20112700006', 1, 1, 'Tk Andre', 'Kerkop, Garut', '2020-11-27', 1710000, 0, 1710000, 'kontrabon', 0, 0),
('T-BK-20112700007', 1, 1, 'Hendrik Cikajang', 'Cikajang', '2020-11-27', 19080000, 0, 19080000, 'kontrabon', 0, 0),
('T-BK-20112700008', 1, 1, 'Tk Dimas Botol', 'Bojonglarang', '2020-11-27', 2610000, 0, 2610000, 'kontrabon', 0, 0),
('T-BK-20112700009', 1, 1, 'Adi', 'Kadungora', '2020-11-27', 7410000, 0, 7410000, 'kontrabon', 0, 0),
('T-BK-20112700010', 1, 1, 'Tk Yuyun', 'IBC', '2020-11-27', 450000, 0, 450000, 'kontrabon', 0, 0),
('T-BK-20112700011', 1, 1, 'Tk Dimas Botol', 'Bojonglarang', '2020-11-27', 1800000, 0, 1800000, 'kontrabon', 0, 0),
('T-BK-20112800001', 1, 1, 'Noeng', 'Kadungora', '2020-11-28', 1710000, 0, 1710000, 'kontrabon', 0, 0),
('T-BK-20112800002', 1, 1, 'Tk Dimas Botol', 'Bojonglarang', '2020-11-28', 1350000, 0, 1350000, 'kontrabon', 0, 0),
('T-BK-20112800003', 1, 1, 'Tk Budi', 'Ciparay, Garut', '2020-11-28', 16000000, 0, 16000000, 'kontrabon', 0, 0),
('T-BK-20112800004', 1, 1, 'Hendrik Cikajang', 'Cikajang', '2020-11-28', 23360000, 0, 23360000, 'kontrabon', 0, 0),
('T-BK-20112800005', 1, 1, 'Andre', 'Kerkop', '2020-11-28', 2610000, 0, 2610000, 'kontrabon', 0, 0),
('T-BK-20112800006', 1, 1, 'Sopyan', 'Jl. Rumah Sakit', '2020-11-28', 21450000, 0, 21450000, 'kontrabon', 0, 0),
('T-BK-20112800007', 1, 1, 'Dani', 'Kerkop', '2020-11-28', 1080000, 0, 1080000, 'kontrabon', 0, 0),
('T-BK-20112800008', 1, 1, 'Tk Yuyun', 'IBC', '2020-11-28', 1080000, 0, 1080000, 'kontrabon', 0, 0),
('T-BK-20112800009', 1, 1, 'Hendrik Tarogong', 'Tarogong', '2020-11-28', 6880000, 0, 6880000, 'kontrabon', 0, 0),
('T-BK-20112800010', 1, 1, 'Noeng', 'Kadungora', '2020-11-28', 1530000, 0, 1530000, 'kontrabon', 0, 0),
('T-BK-20112800011', 1, 1, 'Tk Dimas', 'Garut', '2020-11-28', 38590000, 0, 38590000, 'kontrabon', 0, 0),
('T-BK-20112800012', 1, 1, 'Tk Dimas Botol', 'Bojong larang', '2020-11-28', 2430000, 0, 2430000, 'kontrabon', 0, 0),
('T-BK-20120600001', 1, 1, 'Tk Dimas Botol', 'Bojong larang', '2020-12-06', 600000, 0, 600000, 'kontrabon', 0, 0),
('T-BK-20120600002', 1, 1, 'Cagak', 'Nagrek', '2020-12-06', 1275000, 0, 1275000, 'kontrabon', 0, 0),
('T-BK-20120600003', 1, 1, 'Hendrik Tarogong', 'Tarogong', '2020-12-06', 1900000, 0, 1900000, 'kontrabon', 0, 0),
('T-BK-20120600004', 1, 1, 'Dani', 'Kerkop', '2020-12-06', 1055000, 0, 1055000, 'kontrabon', 0, 0),
('T-BK-20120600005', 1, 1, 'Bandrek', 'Warung Bandrek', '2020-12-06', 3250000, 0, 3250000, 'kontrabon', 0, 0),
('T-BK-20120600006', 1, 1, 'Tk Yuyun', 'IBC', '2020-12-06', 475000, 0, 475000, 'kontrabon', 0, 0),
('T-BK-20120600007', 1, 1, 'Tk Budi', 'Ciparay, Garut', '2020-12-06', 17175000, 0, 17175000, 'kontrabon', 0, 0),
('T-BK-20120600008', 1, 1, 'Akiw', 'Kadungora', '2020-12-06', 7350000, 0, 7350000, 'kontrabon', 0, 0),
('T-BK-20120600009', 1, 1, 'Hendrik Cikajang', 'Cikajang', '2020-12-06', 12780000, 0, 12780000, 'kontrabon', 0, 0),
('T-BK-20120600010', 1, 1, 'Hendrik Tarogong', 'Tarogong', '2020-12-06', 8860000, 0, 8860000, 'kontrabon', 0, 0),
('T-BK-20120600011', 1, 1, 'Andre', 'Tarogong', '2020-12-06', 2850000, 0, 2850000, 'kontrabon', 0, 0),
('T-BK-20120600012', 1, 1, 'Samarang', 'Darajat', '2020-12-06', 11830000, 0, 11830000, 'kontrabon', 0, 0),
('T-BK-20120600013', 1, 1, 'Heri Bengkel', 'Pembangunan', '2020-12-06', 475000, 0, 475000, 'kontrabon', 0, 0),
('T-BK-20120600014', 1, 1, 'Noeng', 'Kadungora', '2020-12-06', 1125000, 0, 1125000, 'kontrabon', 0, 0),
('T-BK-20120600015', 1, 1, 'Peni', 'Pembangunan', '2020-12-06', 3975000, 0, 3975000, 'kontrabon', 0, 0),
('T-BK-20120600016', 1, 1, 'Hendrik Tarogong', 'Tarogong', '2020-12-06', 4500000, 0, 4500000, 'kontrabon', 0, 0),
('T-BK-20120600017', 1, 1, 'Tk Yuyun', 'IBC', '2020-12-06', 950000, 0, 950000, 'kontrabon', 0, 0),
('T-BK-20120600018', 1, 1, 'Andre', 'Tarogong', '2020-12-06', 1125000, 0, 1125000, 'kontrabon', 0, 0),
('T-BK-20120600019', 1, 1, 'Hendrik Cikajang', 'Cikajang', '2020-12-06', 15030000, 0, 15030000, 'kontrabon', 0, 0),
('T-BK-20120600020', 1, 1, 'Aki', 'Tasik', '2020-12-06', 20800000, 0, 20800000, 'kontrabon', 0, 0),
('T-BK-20120600021', 1, 1, 'Teh Urug', 'Tasik', '2020-12-06', 7100000, 0, 7100000, 'kontrabon', 0, 0),
('T-BK-20120700001', 1, 1, 'Tk Budi', 'Ciparay, Garut', '2020-12-07', 2725000, 0, 2725000, 'kontrabon', 0, 0),
('T-BK-20120700002', 1, 1, 'Rumah', 'Cicalengka', '2020-12-07', 3405000, 0, 3405000, 'kontrabon', 0, 0),
('T-BK-20120700003', 1, 1, 'Cibalong', 'Tasik', '2020-12-07', 13760000, 0, 13760000, 'kontrabon', 0, 0),
('T-BK-20120700004', 1, 1, 'Noeng', 'Kadungora', '2020-12-07', 1125000, 0, 1125000, 'kontrabon', 0, 0),
('T-BK-20120800001', 1, 1, 'Tk Budi', 'Ciparay, Garut', '2020-12-08', 13835000, 0, 13835000, 'kontrabon', 0, 0),
('T-BK-20120800002', 1, 1, 'Hendrik Cikajang', 'Cikajang', '2020-12-08', 20630000, 0, 20630000, 'kontrabon', 0, 0),
('T-BK-20120800003', 1, 1, 'Ucu', 'Cikajang', '2020-12-08', 12380000, 0, 12380000, 'kontrabon', 0, 0),
('T-BK-20120800004', 1, 1, 'Cicalengka', 'Cicalengka', '2020-12-08', 1950000, 0, 1950000, 'kontrabon', 0, 0),
('T-BK-20120800005', 1, 1, 'Bu Admin', 'Garut', '2020-12-08', 8980000, 0, 8980000, 'kontrabon', 0, 0),
('T-BK-20120800006', 1, 1, 'Peni', 'Pembangunan', '2020-12-08', 6980000, 0, 6980000, 'kontrabon', 0, 0),
('T-BK-20120800007', 1, 1, 'Sopyan', 'Pembangunan', '2020-12-08', 7125000, 0, 7125000, 'kontrabon', 0, 0),
('T-BK-20120800008', 1, 1, 'Tk Yuyun', 'IBC', '2020-12-08', 2425000, 0, 2425000, 'kontrabon', 0, 0),
('T-BK-20120800009', 1, 1, 'Akiw', 'Kadungora', '2020-12-08', 3200000, 0, 3200000, 'kontrabon', 0, 0),
('T-BK-20120800010', 1, 1, 'Noeng', 'Kadungora', '2020-12-08', 1125000, 0, 1125000, 'kontrabon', 0, 0),
('T-BK-20120800011', 1, 1, 'Cagak', 'Nagrek', '2020-12-08', 1125000, 0, 1125000, 'kontrabon', 0, 0),
('T-BK-20120800012', 1, 1, 'Bandrek', 'Warung Bandrek', '2020-12-08', 1300000, 0, 1300000, 'kontrabon', 0, 0),
('T-BK-20120900001', 1, 1, 'Tk Budi', 'Ciparay, Garut', '2020-12-09', 3780000, 0, 3780000, 'kontrabon', 0, 0),
('T-BK-20120900002', 1, 1, 'Heri Bengkel', 'Pembangunan', '2020-12-09', 1125000, 0, 1125000, 'kontrabon', 0, 0),
('T-BK-20120900003', 1, 1, 'Rumah', 'Cicalengka', '2020-12-09', 3800000, 0, 3800000, 'kontrabon', 0, 0),
('T-BK-20120900004', 1, 1, 'Sopyan', 'Pembangunan', '2020-12-09', 28975000, 0, 28975000, 'kontrabon', 0, 0),
('T-BK-20120900005', 1, 1, 'Andre', 'Tarogong', '2020-12-09', 475000, 0, 475000, 'kontrabon', 0, 0),
('T-BK-20120900006', 1, 1, 'Hendrik', 'Tarogong', '2020-12-09', 16000000, 0, 16000000, 'kontrabon', 0, 0),
('T-BK-20120900007', 1, 1, 'Tk Yuyun', 'IBC', '2020-12-09', 950000, 0, 950000, 'kontrabon', 0, 0),
('T-BK-20121000001', 1, 1, 'Tk Budi', 'Ciparay, Garut', '2020-12-10', 3130000, 0, 3130000, 'kontrabon', 0, 0),
('T-BK-20121000002', 1, 1, 'Akiw', 'Kadungora', '2020-12-10', 12855000, 0, 12855000, 'kontrabon', 0, 0),
('T-BK-20121000003', 1, 1, 'Hendrik Tarogong', 'Tarogong', '2020-12-10', 7385000, 0, 7385000, 'kontrabon', 0, 0),
('T-BK-20121000004', 1, 1, 'Hendrik', 'Tarogong', '2020-12-10', 8650000, 0, 8650000, 'kontrabon', 0, 0),
('T-BK-20121000005', 1, 1, 'Andre', 'Tarogong', '2020-12-10', 4025000, 0, 4025000, 'kontrabon', 0, 0),
('T-BK-20121000006', 1, 1, 'Tk Yuyun', 'IBC', '2020-12-10', 1775000, 0, 1775000, 'kontrabon', 0, 0),
('T-BK-20121000007', 1, 1, 'Peni', 'Pembangunan', '2020-12-10', 5785000, 0, 5785000, 'kontrabon', 0, 0),
('T-BK-20121000008', 1, 1, 'Sigit', 'Malangbong', '2020-12-10', 2960000, 0, 2960000, 'kontrabon', 0, 0),
('T-BK-20121000009', 1, 1, 'Adi Kadungora', 'Kadungora', '2020-12-10', 7405000, 0, 7405000, 'kontrabon', 0, 0),
('T-BK-20121000010', 1, 1, 'Manonjaya', 'Tasik', '2020-12-10', 19990000, 0, 19990000, 'kontrabon', 0, 0),
('T-BK-20121000011', 1, 1, 'Bandrek', 'Warung Bandrek', '2020-12-10', 1950000, 0, 1950000, 'kontrabon', 0, 0),
('T-BK-20121100001', 1, 1, 'Tk Budi', 'Ciparay, Garut', '2020-12-11', 6610000, 0, 6610000, 'kontrabon', 0, 0),
('T-BK-20121100002', 1, 1, 'Noeng', 'Kadungora', '2020-12-11', 1600000, 0, 1600000, 'kontrabon', 0, 0),
('T-BK-20121100003', 1, 1, 'Tk Dimas Botol', 'Bojong larang', '2020-12-11', 136250000, 0, 136250000, 'kontrabon', 0, 0),
('T-BK-20121100004', 1, 1, 'Heri Bengkel', 'Pembangunan', '2020-12-11', 475000, 0, 475000, 'kontrabon', 0, 0),
('T-BK-20121100005', 1, 1, 'Tk Yuyun', 'IBC', '2020-12-11', 1125000, 0, 1125000, 'kontrabon', 0, 0),
('T-BK-20121100006', 1, 1, 'Rumah', 'Cicalengka', '2020-12-11', 10200000, 0, 10200000, 'kontrabon', 0, 0),
('T-BK-20121100007', 1, 1, 'Hendrik Tarogong', 'Tarogong', '2020-12-11', 9950000, 0, 9950000, 'kontrabon', 0, 0),
('T-BK-20121100008', 1, 1, 'Hendrik', 'Tarogong', '2020-12-11', 14205000, 0, 14205000, 'kontrabon', 0, 0),
('T-BK-20121100009', 1, 1, 'Noeng', 'Kadungora', '2020-12-11', 1125000, 0, 1125000, 'kontrabon', 0, 0),
('T-BK-20121100010', 1, 1, 'Dani', 'Kerkop', '2020-12-11', 1055000, 0, 1055000, 'kontrabon', 0, 0),
('T-BK-20121100011', 1, 1, 'Mas', 'Garut', '2020-12-11', 950000, 0, 950000, 'kontrabon', 0, 0),
('T-BK-20121200001', 1, 1, 'Tk Budi', 'Ciparay, Garut', '2020-12-12', 4290000, 0, 4290000, 'kontrabon', 0, 0),
('T-BK-20121200002', 1, 1, 'Akiw', 'Kadungora', '2020-12-12', 7455000, 0, 7455000, 'kontrabon', 0, 0),
('T-BK-20121200003', 1, 1, 'Suci', 'Bunderan Suci', '2020-12-12', 4325000, 0, 4325000, 'kontrabon', 0, 0),
('T-BK-20121200004', 1, 1, 'Samarang', 'Darajat', '2020-12-12', 10840000, 0, 10840000, 'kontrabon', 0, 0),
('T-BK-20121200005', 1, 1, 'Andre', 'Kerkop', '2020-12-12', 2375000, 0, 2375000, 'kontrabon', 0, 0),
('T-BK-20121300001', 1, 1, 'Sopyan', 'Jl. Rumah Sakit', '2020-12-13', 27950000, 0, 27950000, 'kontrabon', 0, 0),
('T-BK-20121300002', 1, 1, 'Hendrik', 'Tarogong', '2020-12-13', 21680000, 0, 21680000, 'kontrabon', 0, 0),
('T-BK-20121300003', 1, 1, 'Noeng', 'Kadungora', '2020-12-13', 1125000, 0, 1125000, 'kontrabon', 0, 0),
('T-BK-20121300004', 1, 1, 'Simlim', 'Simpang lima', '2020-12-13', 2250000, 0, 2250000, 'kontrabon', 0, 0),
('T-BK-20121300005', 1, 1, 'Tk Yuyun', 'IBC', '2020-12-13', 475000, 0, 475000, 'kontrabon', 0, 0),
('T-BK-20121300006', 1, 1, 'Simlim', 'Simpang lima', '2020-12-13', 1100000, 0, 1100000, 'kontrabon', 0, 0),
('T-BK-20121300007', 1, 1, 'Akiw', 'Kadungora', '2020-12-13', 3500000, 0, 3500000, 'kontrabon', 0, 0),
('T-BK-20121300008', 1, 1, 'Tk Budi', 'Ciparay, Garut', '2020-12-13', 5275000, 0, 5275000, 'kontrabon', 0, 0),
('T-BK-20121300009', 1, 1, 'Ucu', 'Cikajang', '2020-12-13', 15350000, 0, 15350000, 'kontrabon', 0, 0),
('T-BK-20121400001', 1, 1, 'Oca', 'Cikajang', '2020-12-14', 5800000, 0, 5800000, 'kontrabon', 0, 0),
('T-BK-20121400002', 1, 1, 'Peni', 'Pembangunan', '2020-12-14', 4800000, 0, 4800000, 'kontrabon', 0, 0),
('T-BK-20121400003', 1, 1, 'Hendrik', 'Cikajang', '2020-12-14', 8650000, 0, 8650000, 'kontrabon', 0, 0),
('T-BK-20121400004', 1, 1, 'Heri Bengkel', 'Pembangunan', '2020-12-14', 650000, 0, 650000, 'kontrabon', 0, 0),
('T-BK-20121400005', 1, 1, 'Tk Yuyun', 'IBC', '2020-12-14', 950000, 0, 950000, 'kontrabon', 0, 0),
('T-BK-20121400006', 1, 1, 'Simlim', 'Simpang lima', '2020-12-14', 1100000, 0, 1100000, 'kontrabon', 0, 0),
('T-BK-20121400007', 1, 1, 'Cagak', 'Nagrek', '2020-12-14', 2225000, 0, 2225000, 'kontrabon', 0, 0),
('T-BK-20121400008', 1, 1, 'Bandrek', 'Warung Bandrek', '2020-12-14', 2600000, 0, 2600000, 'kontrabon', 0, 0),
('T-BK-20121400009', 1, 1, 'Dani', 'Kerkop', '2020-12-14', 1600000, 0, 1600000, 'kontrabon', 0, 0),
('T-BK-20121400010', 1, 1, 'Simlim', 'Simpang lima', '2020-12-14', 650000, 0, 650000, 'kontrabon', 0, 0),
('T-BK-20121500001', 1, 1, 'Cagak', 'Nagrek', '2020-12-15', 1275000, 0, 1275000, 'kontrabon', 0, 0),
('T-BK-20121500002', 1, 1, 'Simlim', 'Simpang lima', '2020-12-15', 1600000, 0, 1600000, 'kontrabon', 0, 0),
('T-BK-20121500003', 1, 1, 'Hendrik', 'Cikajang', '2020-12-15', 19800000, 0, 19800000, 'kontrabon', 0, 0),
('T-BK-20121500004', 1, 1, 'Peni', 'Pembangunan', '2020-12-15', 7050000, 0, 7050000, 'kontrabon', 0, 0),
('T-BK-20121500005', 1, 1, 'Tk Budi', 'Ciparay, Garut', '2020-12-15', 3375000, 0, 3375000, 'kontrabon', 0, 0),
('T-BK-20121500006', 1, 1, 'Simlim', 'Simpang lima', '2020-12-15', 2425000, 0, 2425000, 'kontrabon', 0, 0),
('T-BK-20121500007', 1, 1, 'Simlim', 'Simpang lima', '2020-12-15', 650000, 0, 650000, 'kontrabon', 0, 0),
('T-BK-20121500008', 1, 1, 'Andre', 'Tarogong', '2020-12-15', 3675000, 0, 3675000, 'kontrabon', 0, 0),
('T-BK-20121600001', 1, 1, 'Noeng', 'Kadungora', '2020-12-16', 1425000, 0, 1425000, 'kontrabon', 0, 0),
('T-BK-20121600002', 1, 1, 'Cagak', 'Nagrek', '2020-12-16', 800000, 0, 800000, 'kontrabon', 0, 0),
('T-BK-20121700001', 1, 1, 'Bu Daimin', 'Kerkop', '2020-12-17', 760000, 0, 760000, 'kontrabon', 0, 0),
('T-BK-20121700002', 1, 1, 'Akiw', 'Kadungora', '2020-12-17', 6225000, 0, 6225000, 'kontrabon', 0, 0),
('T-BK-20121700003', 1, 1, 'Tk Budi', 'Ciparay, Garut', '2020-12-17', 6645000, 0, 6645000, 'kontrabon', 0, 0),
('T-BK-20121700004', 1, 1, 'Hendrik', 'Cikajang', '2020-12-17', 22505000, 0, 22505000, 'kontrabon', 0, 0),
('T-BK-20121700005', 1, 1, 'Bandrek', 'Warung Bandrek', '2020-12-17', 1950000, 0, 1950000, 'kontrabon', 0, 0),
('T-BK-20121700006', 1, 1, 'Sigit', 'Malangbong', '2020-12-17', 760000, 0, 760000, 'kontrabon', 0, 0),
('T-BK-20121700007', 1, 1, 'Noeng', 'Kadungora', '2020-12-17', 1125000, 0, 1125000, 'kontrabon', 0, 0),
('T-BK-20121700008', 1, 1, 'Andre', 'Tarogong', '2020-12-17', 1125000, 0, 1125000, 'kontrabon', 0, 0),
('T-BK-20121700009', 1, 1, 'Andre', 'Tarogong', '2020-12-17', 600000, 0, 600000, 'kontrabon', 0, 0),
('T-BK-20121700010', 1, 1, 'Cagak', 'Nagrek', '2020-12-17', 475000, 0, 475000, 'kontrabon', 0, 0),
('T-BK-20121700011', 1, 1, 'Heri', 'Pembangunan', '2020-12-17', 475000, 0, 475000, 'kontrabon', 0, 0),
('T-BK-20121700012', 1, 1, 'Sopyan', 'Jl. Rumah Sakit', '2020-12-17', 950000, 0, 950000, 'kontrabon', 0, 0),
('T-BK-20121700013', 1, 1, 'Sopyan', 'Jl. Rumah Sakit', '2020-12-17', 22375000, 0, 22375000, 'kontrabon', 0, 0),
('T-BK-20121700014', 1, 1, 'Tk Yuyun', 'IBC', '2020-12-17', 1125000, 0, 1125000, 'kontrabon', 0, 0),
('T-BK-20121700015', 1, 1, 'Tk Budi', 'Ciparay, Garut', '2020-12-17', 1635000, 0, 1635000, 'kontrabon', 0, 0),
('T-BK-20121800001', 1, 1, 'Aki', 'Tasik', '2020-12-18', 20800000, 0, 20800000, 'kontrabon', 0, 0),
('T-BK-20121800002', 1, 1, 'Cibalong', 'Tasik', '2020-12-18', 19500000, 0, 19500000, 'kontrabon', 0, 0),
('T-BK-20121800003', 1, 1, 'Sigit', 'Malangbong', '2020-12-18', 760000, 0, 760000, 'kontrabon', 0, 0),
('T-BK-20121800004', 1, 1, 'Cicalengka', 'Cicalengka', '2020-12-18', 2930000, 0, 2930000, 'kontrabon', 0, 0),
('T-BK-20121800005', 1, 1, 'Tk Budi', 'Ciparay, Garut', '2020-12-18', 5380000, 0, 5380000, 'kontrabon', 0, 0),
('T-BK-20121800006', 1, 1, 'Akiw', 'Kadungora', '2020-12-18', 2755000, 0, 2755000, 'kontrabon', 0, 0),
('T-BK-20121800007', 1, 1, 'Samarang', 'Darajat', '2020-12-18', 9160000, 0, 9160000, 'kontrabon', 0, 0),
('T-BK-20121800008', 1, 1, 'Andre Tarogong', 'Tarogong', '2020-12-18', 1125000, 0, 1125000, 'kontrabon', 0, 0),
('T-BK-20121800009', 1, 1, 'Andre', 'Tarogong', '2020-12-18', 1125000, 0, 1125000, 'kontrabon', 0, 0),
('T-BK-20121800010', 1, 1, 'Warung Sikajang', 'Cikajang', '2020-12-18', 10930000, 0, 10930000, 'kontrabon', 0, 0),
('T-BK-20121800011', 1, 1, 'Tk Yuyun', 'IBC', '2020-12-18', 1125000, 0, 1125000, 'kontrabon', 0, 0),
('T-BK-20121800012', 1, 1, 'Heri Bengkel', 'Pembangunan', '2020-12-18', 475000, 0, 475000, 'kontrabon', 0, 0),
('T-BK-20121900001', 1, 1, 'Dani', 'Kerkop', '2020-12-19', 1125000, 0, 1125000, 'kontrabon', 0, 0),
('T-BK-20121900002', 1, 1, 'Tk Budi', 'Ciparay, Garut', '2020-12-19', 1300000, 0, 1300000, 'kontrabon', 0, 0),
('T-BK-20121900003', 1, 1, 'Noeng', 'Kadungora', '2020-12-19', 1125000, 0, 1125000, 'kontrabon', 0, 0),
('T-BK-20121900004', 1, 1, 'Noeng', 'Kadungora', '2020-12-19', 1950000, 0, 1950000, 'kontrabon', 0, 0),
('T-BK-20121900005', 1, 1, 'Tk Budi', 'Ciparay, Garut', '2020-12-19', 8940000, 0, 8940000, 'kontrabon', 0, 0),
('T-BK-20121900006', 1, 1, 'Akiw', 'Kadungora', '2020-12-19', 5780000, 0, 5780000, 'kontrabon', 0, 0),
('T-BK-20121900007', 1, 1, 'Sopyan', 'Jl. Rumah Sakit', '2020-12-19', 32840000, 0, 32840000, 'kontrabon', 0, 0),
('T-BK-20121900008', 1, 1, 'Ucu', 'Cikajang', '2020-12-19', 6400000, 0, 6400000, 'kontrabon', 0, 0),
('T-BK-20121900009', 1, 1, 'Hendrik', 'Cikajang', '2020-12-19', 16875000, 0, 16875000, 'kontrabon', 0, 0),
('T-BK-20121900010', 1, 1, 'Warung Sikajang', 'Cikajang', '2020-12-19', 650000, 0, 650000, 'kontrabon', 0, 0),
('T-BK-20121900011', 1, 1, 'Tk Yuyun', 'IBC', '2020-12-19', 475000, 0, 475000, 'kontrabon', 0, 0),
('T-BK-20121900012', 1, 1, 'Dani', 'Kerkop', '2020-12-19', 950000, 0, 950000, 'kontrabon', 0, 0),
('T-BK-20122000001', 1, 1, 'Tk Budi', 'Ciparay, Garut', '2020-12-20', 2550000, 0, 2550000, 'kontrabon', 0, 0),
('T-BK-20122000002', 1, 1, 'Cagak', 'Nagrek', '2020-12-20', 800000, 0, 800000, 'kontrabon', 0, 0),
('T-BK-20122000003', 1, 1, 'Adi Kadungora', 'Kadungora', '2020-12-20', 5575000, 0, 5575000, 'kontrabon', 0, 0),
('T-BK-20122000004', 1, 1, 'Tk Budi', 'Ciparay, Garut', '2020-12-20', 1230000, 0, 1230000, 'kontrabon', 0, 0),
('T-BK-20122000005', 1, 1, 'asd', 'qwerty', '2020-12-20', 63750000, 50, 31875000, 'kontrabon', 0, 0),
('T-BK-20122000006', 1, 1, 'aaaaa', 'qweqweqweqweqweqwe', '2020-12-20', 10660000, 10653000, 7000, 'kontrabon', 0, 0),
('T-BK-21011600001', 1, 1, 'Saron', 'Jalan layang', '2021-01-16', 1775000, 10000, 1765000, 'kontrabon', 0, 0),
('T-BK-21011600002', 1, 1, '1', 'qweqweqweqweqweqwe', '2021-01-16', 1300000, 12, 1299988, 'kontrabon', 0, 0),
('T-BK-21011600003', 1, 1, 'Jaenal', 'Kubah Sayur', '2021-01-16', 950000, 0, 950000, 'kontrabon', 0, 0),
('T-BK-21011600004', 1, 1, 'Jaenal versi baru', 'Kubah Sayur terupdate', '2021-01-16', 2600000, 2545000, 55000, 'kontrabon', 0, 0),
('T-BK-21011600005', 1, 2, 'Jaenal', 'Kubah Sayur', '2021-01-16', 18100000, 15000000, 3100000, 'kontrabon', 500000, 2600000),
('T-BK-21011600006', 1, 2, 'Jaenal', 'Kubah Sayur', '2021-01-16', 4700000, 0, 4700000, 'transfer', 4300000, 400000),
('T-BK-21011600007', 1, 2, 'Jaenal update', 'Kubah Sayur', '2021-01-16', 8450000, 5000000, 3450000, 'cash', 3000, 3449997),
('T-BK-21011600008', 1, 1, 'Doyokz', 'Jalanan Depan Gang', '2021-01-16', 7800000, 5000000, 2800000, 'cash', 300, 2799700),
('T-BK-21011600009', 1, 2, 'Jaenal', 'Kubah Sayur', '2021-01-16', 4500000, 3580000, 920000, 'cash', 500, 919500),
('T-BK-21011600010', 1, 2, 'Jaenal', 'Kubah Sayur', '2021-01-16', 7800000, 7000000, 800000, 'cash', 397000, 403000),
('T-BK-21011600011', 1, 1, 'Doyokz', 'Jalanan Depan Gang', '2021-01-16', 760000, 500000, 260000, 'cash', 260000, 0),
('T-BK-21011600012', 1, 2, 'Jaenal', 'Kubah Sayur', '2021-01-16', 3250000, 3000000, 250000, 'cash', 250000, 0),
('T-BK-21011600013', 1, 1, 'Doyokz', 'Jalanan Depan Gang', '2021-01-16', 3200000, 2000000, 1200000, 'cash', 1200000, 0),
('T-BK-21011600014', 1, 2, 'Jaenal', 'Kubah Sayur', '2021-01-16', 2400000, 2000000, 400000, 'cash', 400000, 0),
('T-BK-21011600015', 1, 1, 'Doyokz', 'Jalanan Depan Gang', '2021-01-16', 1300000, 200000, 1100000, 'cash', 1100000, 0),
('T-BK-21011700001', 1, 3, 'Solomon', 'Jalan tol', '2021-01-17', 2600000, 1500000, 1100000, 'cash', 1100000, 0),
('T-BK-21011700002', 1, 3, 'Solomon', 'Jalan tol', '2021-01-17', 5400000, 1000000, 4400000, 'kontrabon', 2000000, 2400000),
('T-BK-21011700003', 1, 3, 'Solomon', 'Jalan tol', '2021-01-17', 1950000, 0, 1950000, 'kontrabon', 1000000, 950000);

-- --------------------------------------------------------

--
-- Table structure for table `barang_keluar_copy1`
--
-- Creation: Dec 20, 2020 at 06:18 AM
--

DROP TABLE IF EXISTS `barang_keluar_copy1`;
CREATE TABLE `barang_keluar_copy1` (
  `id_barang_keluar` char(16) NOT NULL,
  `user_id` int(11) NOT NULL,
  `barang_id` char(7) NOT NULL,
  `nama_penerima` char(50) NOT NULL,
  `alamat` text NOT NULL,
  `jumlah_keluar` double NOT NULL,
  `tanggal_keluar` date NOT NULL,
  `total_nominal` int(11) NOT NULL
) ENGINE=InnoDB DEFAULT CHARSET=utf8 ROW_FORMAT=COMPACT;

--
-- Truncate table before insert `barang_keluar_copy1`
--

TRUNCATE TABLE `barang_keluar_copy1`;
--
-- Triggers `barang_keluar_copy1`
--
DROP TRIGGER IF EXISTS `update_stok_keluar_copy1`;
DELIMITER $$
CREATE TRIGGER `update_stok_keluar_copy1` BEFORE INSERT ON `barang_keluar_copy1` FOR EACH ROW UPDATE `barang` SET `barang`.`stok` = `barang`.`stok` - NEW.jumlah_keluar WHERE `barang`.`id_barang` = NEW.barang_id
$$
DELIMITER ;

-- --------------------------------------------------------

--
-- Table structure for table `barang_keluar_dtl`
--
-- Creation: Dec 20, 2020 at 06:18 AM
--

DROP TABLE IF EXISTS `barang_keluar_dtl`;
CREATE TABLE `barang_keluar_dtl` (
  `id_detail` int(11) NOT NULL,
  `id_barang_keluar` char(16) NOT NULL,
  `barang_id` char(7) NOT NULL,
  `harga` int(11) NOT NULL,
  `jumlah_keluar` double NOT NULL,
  `total_nominal_dtl` int(1) NOT NULL
) ENGINE=InnoDB DEFAULT CHARSET=utf8 ROW_FORMAT=COMPACT;

--
-- Truncate table before insert `barang_keluar_dtl`
--

TRUNCATE TABLE `barang_keluar_dtl`;
--
-- Dumping data for table `barang_keluar_dtl`
--

INSERT INTO `barang_keluar_dtl` (`id_detail`, `id_barang_keluar`, `barang_id`, `harga`, `jumlah_keluar`, `total_nominal_dtl`) VALUES
(35, 'T-BK-20112300001', 'B000015', 600000, 1, 600000),
(36, 'T-BK-20112300001', 'B000011', 300000, 2, 600000),
(37, 'T-BK-20112300001', 'B000002', 630000, 3, 1890000),
(38, 'T-BK-20112300001', 'B000004', 630000, 3, 1890000),
(39, 'T-BK-20112300001', 'B000001', 450000, 4, 1800000),
(40, 'T-BK-20112300002', 'B000002', 630000, 2, 1260000),
(41, 'T-BK-20112300002', 'B000001', 450000, 4, 1800000),
(42, 'T-BK-20112300004', 'B000001', 450000, 1, 450000),
(43, 'T-BK-20112300004', 'B000002', 630000, 1, 630000),
(44, 'T-BK-20112300005', 'B000001', 450000, 2, 900000),
(45, 'T-BK-20112400001', 'B000001', 450000, 3, 1350000),
(46, 'T-BK-20112400002', 'B000004', 630000, 4, 2520000),
(47, 'T-BK-20112400002', 'B000002', 630000, 4, 2520000),
(48, 'T-BK-20112400002', 'B000003', 630000, 1, 630000),
(49, 'T-BK-20112400002', 'B000001', 450000, 12, 5400000),
(50, 'T-BK-20112400003', 'B000001', 450000, 7, 3150000),
(51, 'T-BK-20112400003', 'B000002', 630000, 2, 1260000),
(52, 'T-BK-20112400003', 'B000004', 630000, 2, 1260000),
(53, 'T-BK-20112400003', 'B000008', 1050000, 1, 1050000),
(54, 'T-BK-20112400004', 'B000001', 450000, 3, 1350000),
(55, 'T-BK-20112400005', 'B000001', 450000, 20, 9000000),
(56, 'T-BK-20112400005', 'B000002', 630000, 5, 3150000),
(57, 'T-BK-20112400005', 'B000011', 300000, 4, 1200000),
(58, 'T-BK-20112400006', 'B000001', 450000, 4, 1800000),
(59, 'T-BK-20112400006', 'B000004', 630000, 2, 1260000),
(60, 'T-BK-20112400006', 'B000002', 630000, 4, 2520000),
(61, 'T-BK-20112400007', 'B000001', 450000, 20, 9000000),
(62, 'T-BK-20112400007', 'B000004', 630000, 10, 6300000),
(63, 'T-BK-20112400007', 'B000002', 630000, 10, 6300000),
(64, 'T-BK-20112400007', 'B000008', 1050000, 2, 2100000),
(65, 'T-BK-20112400008', 'B000002', 630000, 3, 1890000),
(66, 'T-BK-20112400008', 'B000004', 630000, 1, 630000),
(67, 'T-BK-20112400009', 'B000017', 900000, 1, 900000),
(68, 'T-BK-20112400009', 'B000016', 320000, 2, 640000),
(69, 'T-BK-20112400009', 'B000001', 450000, 2, 900000),
(70, 'T-BK-20112400010', 'B000001', 450000, 2, 900000),
(71, 'T-BK-20112400011', 'B000001', 450000, 1, 450000),
(72, 'T-BK-20112400011', 'B000002', 630000, 1, 630000),
(73, 'T-BK-20112400012', 'B000001', 450000, 1, 450000),
(74, 'T-BK-20112500001', 'B000001', 450000, 2, 900000),
(75, 'T-BK-20112500001', 'B000002', 630000, 2, 1260000),
(76, 'T-BK-20112500001', 'B000004', 630000, 1, 630000),
(77, 'T-BK-20112500002', 'B000001', 450000, 10, 4500000),
(78, 'T-BK-20112500002', 'B000002', 630000, 2, 1260000),
(79, 'T-BK-20112500002', 'B000004', 630000, 2, 1260000),
(80, 'T-BK-20112500003', 'B000001', 450000, 15, 6750000),
(81, 'T-BK-20112500003', 'B000004', 630000, 7, 4410000),
(82, 'T-BK-20112500003', 'B000002', 630000, 8, 5040000),
(83, 'T-BK-20112500004', 'B000003', 630000, 1, 630000),
(84, 'T-BK-20112500005', 'B000002', 630000, 1, 630000),
(85, 'T-BK-20112500006', 'B000001', 450000, 10, 4500000),
(86, 'T-BK-20112500006', 'B000002', 630000, 4, 2520000),
(87, 'T-BK-20112500006', 'B000004', 630000, 3, 1890000),
(88, 'T-BK-20112500007', 'B000003', 630000, 1, 630000),
(89, 'T-BK-20112500008', 'B000001', 450000, 1, 450000),
(90, 'T-BK-20112500008', 'B000002', 630000, 1, 630000),
(91, 'T-BK-20112500009', 'B000001', 450000, 2, 900000),
(92, 'T-BK-20112500010', 'B000001', 450000, 1, 450000),
(93, 'T-BK-20112500011', 'B000001', 450000, 3, 1350000),
(94, 'T-BK-20112500012', 'B000003', 630000, 30, 18900000),
(95, 'T-BK-20112500012', 'B000004', 630000, 2, 1260000),
(96, 'T-BK-20112600001', 'B000001', 450000, 3, 1350000),
(97, 'T-BK-20112600002', 'B000001', 450000, 15, 6750000),
(98, 'T-BK-20112600002', 'B000002', 630000, 5, 3150000),
(99, 'T-BK-20112600002', 'B000004', 630000, 2, 1260000),
(100, 'T-BK-20112600003', 'B000001', 450000, 19, 8550000),
(101, 'T-BK-20112600003', 'B000002', 630000, 2, 1260000),
(102, 'T-BK-20112600003', 'B000004', 630000, 4, 2520000),
(103, 'T-BK-20112600004', 'B000001', 450000, 4, 1800000),
(104, 'T-BK-20112600005', 'B000001', 450000, 2, 900000),
(105, 'T-BK-20112600005', 'B000002', 630000, 1, 630000),
(106, 'T-BK-20112600005', 'B000004', 630000, 1, 630000),
(107, 'T-BK-20112600006', 'B000001', 450000, 1, 450000),
(108, 'T-BK-20112600007', 'B000002', 630000, 1, 630000),
(109, 'T-BK-20112700001', 'B000001', 450000, 2, 900000),
(110, 'T-BK-20112700002', 'B000004', 630000, 1, 630000),
(111, 'T-BK-20112700002', 'B000001', 450000, 1, 450000),
(112, 'T-BK-20112700003', 'B000004', 630000, 2, 1260000),
(113, 'T-BK-20112700003', 'B000001', 450000, 3, 1350000),
(114, 'T-BK-20112700003', 'B000002', 630000, 2, 1260000),
(115, 'T-BK-20112700004', 'B000001', 450000, 7, 3150000),
(116, 'T-BK-20112700004', 'B000002', 630000, 2, 1260000),
(117, 'T-BK-20112700004', 'B000011', 300000, 1, 300000),
(118, 'T-BK-20112700004', 'B000004', 630000, 2, 1260000),
(119, 'T-BK-20112700005', 'B000001', 450000, 8, 3600000),
(120, 'T-BK-20112700005', 'B000002', 630000, 4, 2520000),
(121, 'T-BK-20112700005', 'B000004', 630000, 4, 2520000),
(122, 'T-BK-20112700005', 'B000003', 630000, 2, 1260000),
(123, 'T-BK-20112700006', 'B000002', 630000, 1, 630000),
(124, 'T-BK-20112700006', 'B000001', 450000, 1, 450000),
(125, 'T-BK-20112700006', 'B000004', 630000, 1, 630000),
(126, 'T-BK-20112700007', 'B000001', 450000, 20, 9000000),
(127, 'T-BK-20112700007', 'B000002', 630000, 8, 5040000),
(128, 'T-BK-20112700007', 'B000004', 630000, 7, 4410000),
(129, 'T-BK-20112700007', 'B000003', 630000, 1, 630000),
(130, 'T-BK-20112700008', 'B000001', 450000, 3, 1350000),
(131, 'T-BK-20112700008', 'B000002', 630000, 1, 630000),
(132, 'T-BK-20112700008', 'B000004', 630000, 1, 630000),
(133, 'T-BK-20112700009', 'B000001', 450000, 13, 5850000),
(134, 'T-BK-20112700009', 'B000002', 630000, 1, 630000),
(135, 'T-BK-20112700009', 'B000004', 630000, 1, 630000),
(136, 'T-BK-20112700009', 'B000011', 300000, 1, 300000),
(137, 'T-BK-20112700010', 'B000001', 450000, 1, 450000),
(138, 'T-BK-20112700011', 'B000001', 450000, 4, 1800000),
(139, 'T-BK-20112800001', 'B000001', 450000, 1, 450000),
(140, 'T-BK-20112800001', 'B000002', 630000, 1, 630000),
(141, 'T-BK-20112800001', 'B000004', 630000, 1, 630000),
(142, 'T-BK-20112800002', 'B000001', 450000, 3, 1350000),
(143, 'T-BK-20112800003', 'B000001', 450000, 15, 6750000),
(144, 'T-BK-20112800003', 'B000004', 630000, 5, 3150000),
(145, 'T-BK-20112800003', 'B000002', 630000, 5, 3150000),
(146, 'T-BK-20112800003', 'B000019', 580000, 4, 2320000),
(147, 'T-BK-20112800003', 'B000003', 630000, 1, 630000),
(148, 'T-BK-20112800004', 'B000001', 450000, 20, 9000000),
(149, 'T-BK-20112800004', 'B000002', 630000, 10, 6300000),
(150, 'T-BK-20112800004', 'B000004', 630000, 8, 5040000),
(151, 'T-BK-20112800004', 'B000019', 580000, 2, 1160000),
(152, 'T-BK-20112800004', 'B000003', 630000, 2, 1260000),
(153, 'T-BK-20112800004', 'B000011', 300000, 2, 600000),
(154, 'T-BK-20112800005', 'B000001', 450000, 3, 1350000),
(155, 'T-BK-20112800005', 'B000004', 630000, 1, 630000),
(156, 'T-BK-20112800005', 'B000002', 630000, 1, 630000),
(157, 'T-BK-20112800006', 'B000004', 630000, 10, 6300000),
(158, 'T-BK-20112800006', 'B000002', 630000, 7, 4410000),
(159, 'T-BK-20112800006', 'B000019', 580000, 3, 1740000),
(160, 'T-BK-20112800006', 'B000001', 450000, 20, 9000000),
(161, 'T-BK-20112800007', 'B000001', 450000, 1, 450000),
(162, 'T-BK-20112800007', 'B000004', 630000, 1, 630000),
(163, 'T-BK-20112800008', 'B000001', 450000, 1, 450000),
(164, 'T-BK-20112800008', 'B000004', 630000, 1, 630000),
(165, 'T-BK-20112800009', 'B000001', 450000, 7, 3150000),
(166, 'T-BK-20112800009', 'B000002', 630000, 3, 1890000),
(167, 'T-BK-20112800009', 'B000004', 630000, 1, 630000),
(168, 'T-BK-20112800009', 'B000003', 630000, 1, 630000),
(169, 'T-BK-20112800009', 'B000019', 580000, 1, 580000),
(170, 'T-BK-20112800010', 'B000001', 450000, 2, 900000),
(171, 'T-BK-20112800010', 'B000002', 630000, 1, 630000),
(172, 'T-BK-20112800011', 'B000002', 630000, 1, 630000),
(173, 'T-BK-20112800011', 'B000018', 600000, 42, 25200000),
(174, 'T-BK-20112800011', 'B000019', 580000, 22, 12760000),
(175, 'T-BK-20112800012', 'B000001', 450000, 4, 1800000),
(176, 'T-BK-20112800012', 'B000004', 630000, 1, 630000),
(179, 'T-BK-20120600001', 'B000018', 600000, 1, 600000),
(180, 'T-BK-20120600002', 'B000001', 475000, 2, 950000),
(181, 'T-BK-20120600002', 'B000004', 650000, 0.5, 325000),
(182, 'T-BK-20120600003', 'B000001', 475000, 4, 1900000),
(183, 'T-BK-20120600004', 'B000001', 475000, 1, 475000),
(184, 'T-BK-20120600004', 'B000019', 580000, 1, 580000),
(185, 'T-BK-20120600005', 'B000004', 650000, 2, 1300000),
(186, 'T-BK-20120600005', 'B000002', 650000, 2, 1300000),
(187, 'T-BK-20120600005', 'B000003', 650000, 1, 650000),
(188, 'T-BK-20120600006', 'B000001', 475000, 1, 475000),
(189, 'T-BK-20120600007', 'B000004', 650000, 4, 2600000),
(190, 'T-BK-20120600007', 'B000002', 650000, 6, 3900000),
(191, 'T-BK-20120600007', 'B000019', 580000, 5, 2900000),
(192, 'T-BK-20120600007', 'B000001', 475000, 15, 7125000),
(193, 'T-BK-20120600007', 'B000003', 650000, 1, 650000),
(194, 'T-BK-20120600008', 'B000001', 475000, 10, 4750000),
(195, 'T-BK-20120600008', 'B000004', 650000, 3, 1950000),
(196, 'T-BK-20120600008', 'B000002', 650000, 1, 650000),
(197, 'T-BK-20120600009', 'B000001', 475000, 10, 4750000),
(198, 'T-BK-20120600009', 'B000004', 650000, 5, 3250000),
(199, 'T-BK-20120600009', 'B000019', 580000, 1, 580000),
(200, 'T-BK-20120600009', 'B000011', 300000, 1, 300000),
(201, 'T-BK-20120600009', 'B000002', 650000, 6, 3900000),
(202, 'T-BK-20120600010', 'B000001', 475000, 8, 3800000),
(203, 'T-BK-20120600010', 'B000004', 650000, 3, 1950000),
(204, 'T-BK-20120600010', 'B000002', 650000, 3, 1950000),
(205, 'T-BK-20120600010', 'B000019', 580000, 2, 1160000),
(206, 'T-BK-20120600011', 'B000001', 475000, 2, 950000),
(207, 'T-BK-20120600011', 'B000004', 650000, 1, 650000),
(208, 'T-BK-20120600011', 'B000002', 650000, 1, 650000),
(209, 'T-BK-20120600011', 'B000018', 600000, 1, 600000),
(210, 'T-BK-20120600012', 'B000001', 475000, 10, 4750000),
(211, 'T-BK-20120600012', 'B000004', 650000, 5, 3250000),
(212, 'T-BK-20120600012', 'B000002', 650000, 5, 3250000),
(213, 'T-BK-20120600012', 'B000019', 580000, 1, 580000),
(214, 'T-BK-20120600013', 'B000001', 475000, 1, 475000),
(215, 'T-BK-20120600014', 'B000004', 650000, 1, 650000),
(216, 'T-BK-20120600014', 'B000001', 475000, 1, 475000),
(217, 'T-BK-20120600015', 'B000001', 475000, 7, 3325000),
(218, 'T-BK-20120600015', 'B000004', 650000, 1, 650000),
(219, 'T-BK-20120600016', 'B000001', 475000, 4, 1900000),
(220, 'T-BK-20120600016', 'B000003', 650000, 1, 650000),
(221, 'T-BK-20120600016', 'B000002', 650000, 2, 1300000),
(222, 'T-BK-20120600016', 'B000004', 650000, 1, 650000),
(223, 'T-BK-20120600017', 'B000001', 475000, 2, 950000),
(224, 'T-BK-20120600018', 'B000001', 475000, 1, 475000),
(225, 'T-BK-20120600018', 'B000004', 650000, 1, 650000),
(226, 'T-BK-20120600019', 'B000001', 475000, 14, 6650000),
(227, 'T-BK-20120600019', 'B000002', 650000, 6, 3900000),
(228, 'T-BK-20120600019', 'B000004', 650000, 6, 3900000),
(229, 'T-BK-20120600019', 'B000019', 580000, 1, 580000),
(230, 'T-BK-20120600020', 'B000003', 650000, 30, 19500000),
(231, 'T-BK-20120600020', 'B000004', 650000, 2, 1300000),
(232, 'T-BK-20120600021', 'B000003', 650000, 5, 3250000),
(233, 'T-BK-20120600021', 'B000004', 650000, 5, 3250000),
(234, 'T-BK-20120600021', 'B000011', 300000, 2, 600000),
(235, 'T-BK-20120700001', 'B000004', 650000, 2, 1300000),
(236, 'T-BK-20120700001', 'B000001', 475000, 3, 1425000),
(237, 'T-BK-20120700002', 'B000001', 475000, 5, 2375000),
(238, 'T-BK-20120700002', 'B000002', 650000, 1, 650000),
(239, 'T-BK-20120700002', 'B000013', 380000, 1, 380000),
(240, 'T-BK-20120700003', 'B000004', 650000, 12, 7800000),
(241, 'T-BK-20120700003', 'B000003', 650000, 8, 5200000),
(242, 'T-BK-20120700003', 'B000013', 380000, 2, 760000),
(243, 'T-BK-20120700004', 'B000001', 475000, 1, 475000),
(244, 'T-BK-20120700004', 'B000002', 650000, 1, 650000),
(245, 'T-BK-20120800001', 'B000001', 475000, 13, 6175000),
(246, 'T-BK-20120800001', 'B000002', 650000, 6, 3900000),
(247, 'T-BK-20120800001', 'B000004', 650000, 4, 2600000),
(248, 'T-BK-20120800001', 'B000019', 580000, 2, 1160000),
(249, 'T-BK-20120800002', 'B000001', 475000, 18, 8550000),
(250, 'T-BK-20120800002', 'B000002', 650000, 12, 7800000),
(251, 'T-BK-20120800002', 'B000004', 650000, 4, 2600000),
(252, 'T-BK-20120800002', 'B000019', 580000, 1, 580000),
(253, 'T-BK-20120800002', 'B000008', 1100000, 1, 1100000),
(254, 'T-BK-20120800003', 'B000001', 475000, 18, 8550000),
(255, 'T-BK-20120800003', 'B000002', 650000, 5, 3250000),
(256, 'T-BK-20120800003', 'B000019', 580000, 1, 580000),
(257, 'T-BK-20120800004', 'B000004', 650000, 2, 1300000),
(258, 'T-BK-20120800004', 'B000002', 650000, 1, 650000),
(259, 'T-BK-20120800005', 'B000001', 475000, 4, 1900000),
(260, 'T-BK-20120800005', 'B000002', 650000, 2, 1300000),
(261, 'T-BK-20120800005', 'B000019', 580000, 1, 580000),
(262, 'T-BK-20120800005', 'B000004', 650000, 2, 1300000),
(263, 'T-BK-20120800005', 'B000008', 1100000, 1, 1100000),
(264, 'T-BK-20120800005', 'B000015', 600000, 1, 600000),
(265, 'T-BK-20120800005', 'B000017', 1600000, 1, 1600000),
(266, 'T-BK-20120800005', 'B000011', 300000, 2, 600000),
(267, 'T-BK-20120800006', 'B000002', 650000, 2, 1300000),
(268, 'T-BK-20120800006', 'B000004', 650000, 2, 1300000),
(269, 'T-BK-20120800006', 'B000019', 580000, 1, 580000),
(270, 'T-BK-20120800006', 'B000001', 475000, 8, 3800000),
(271, 'T-BK-20120800007', 'B000001', 475000, 15, 7125000),
(272, 'T-BK-20120800008', 'B000002', 650000, 2, 1300000),
(273, 'T-BK-20120800008', 'B000004', 650000, 1, 650000),
(274, 'T-BK-20120800008', 'B000001', 475000, 1, 475000),
(275, 'T-BK-20120800009', 'B000001', 475000, 4, 1900000),
(276, 'T-BK-20120800009', 'B000002', 650000, 1, 650000),
(277, 'T-BK-20120800009', 'B000004', 650000, 1, 650000),
(278, 'T-BK-20120800010', 'B000001', 475000, 1, 475000),
(279, 'T-BK-20120800010', 'B000004', 650000, 1, 650000),
(280, 'T-BK-20120800011', 'B000001', 475000, 1, 475000),
(281, 'T-BK-20120800011', 'B000004', 650000, 0.5, 325000),
(282, 'T-BK-20120800011', 'B000003', 650000, 0.5, 325000),
(283, 'T-BK-20120800012', 'B000004', 650000, 2, 1300000),
(284, 'T-BK-20120900001', 'B000004', 650000, 1, 650000),
(285, 'T-BK-20120900001', 'B000002', 650000, 1, 650000),
(286, 'T-BK-20120900001', 'B000019', 580000, 1, 580000),
(287, 'T-BK-20120900001', 'B000001', 475000, 4, 1900000),
(288, 'T-BK-20120900002', 'B000001', 475000, 1, 475000),
(289, 'T-BK-20120900002', 'B000002', 650000, 1, 650000),
(290, 'T-BK-20120900003', 'B000013', 380000, 10, 3800000),
(291, 'T-BK-20120900004', 'B000001', 475000, 25, 11875000),
(292, 'T-BK-20120900004', 'B000004', 650000, 5, 3250000),
(293, 'T-BK-20120900004', 'B000002', 650000, 10, 6500000),
(294, 'T-BK-20120900004', 'B000003', 650000, 3, 1950000),
(295, 'T-BK-20120900004', 'B000019', 580000, 5, 2900000),
(296, 'T-BK-20120900004', 'B000008', 1100000, 2, 2200000),
(297, 'T-BK-20120900004', 'B000011', 300000, 1, 300000),
(298, 'T-BK-20120900005', 'B000001', 475000, 1, 475000),
(299, 'T-BK-20120900006', 'B000001', 475000, 20, 9500000),
(300, 'T-BK-20120900006', 'B000002', 650000, 5, 3250000),
(301, 'T-BK-20120900006', 'B000004', 650000, 4, 2600000),
(302, 'T-BK-20120900006', 'B000003', 650000, 1, 650000),
(303, 'T-BK-20120900007', 'B000001', 475000, 2, 950000),
(304, 'T-BK-20121000001', 'B000002', 650000, 1, 650000),
(305, 'T-BK-20121000001', 'B000019', 580000, 1, 580000),
(306, 'T-BK-20121000001', 'B000001', 475000, 3, 1425000),
(307, 'T-BK-20121000001', 'B000010', 475000, 1, 475000),
(308, 'T-BK-20121000002', 'B000001', 475000, 19, 9025000),
(309, 'T-BK-20121000002', 'B000002', 650000, 2, 1300000),
(310, 'T-BK-20121000002', 'B000004', 650000, 3, 1950000),
(311, 'T-BK-20121000002', 'B000019', 580000, 1, 580000),
(312, 'T-BK-20121000003', 'B000001', 475000, 7, 3325000),
(313, 'T-BK-20121000003', 'B000004', 650000, 3, 1950000),
(314, 'T-BK-20121000003', 'B000019', 580000, 2, 1160000),
(315, 'T-BK-20121000003', 'B000002', 650000, 1, 650000),
(316, 'T-BK-20121000003', 'B000011', 300000, 1, 300000),
(317, 'T-BK-20121000004', 'B000001', 475000, 10, 4750000),
(318, 'T-BK-20121000004', 'B000002', 650000, 4, 2600000),
(319, 'T-BK-20121000004', 'B000004', 650000, 2, 1300000),
(320, 'T-BK-20121000005', 'B000002', 650000, 3, 1950000),
(321, 'T-BK-20121000005', 'B000001', 475000, 3, 1425000),
(322, 'T-BK-20121000005', 'B000004', 650000, 1, 650000),
(323, 'T-BK-20121000006', 'B000001', 475000, 1, 475000),
(324, 'T-BK-20121000006', 'B000002', 650000, 1, 650000),
(325, 'T-BK-20121000006', 'B000004', 650000, 1, 650000),
(326, 'T-BK-20121000007', 'B000002', 650000, 2, 1300000),
(327, 'T-BK-20121000007', 'B000001', 475000, 7, 3325000),
(328, 'T-BK-20121000007', 'B000019', 580000, 2, 1160000),
(329, 'T-BK-20121000008', 'B000013', 380000, 2, 760000),
(330, 'T-BK-20121000008', 'B000011', 300000, 3, 900000),
(331, 'T-BK-20121000008', 'B000004', 650000, 1, 650000),
(332, 'T-BK-20121000008', 'B000002', 650000, 1, 650000),
(333, 'T-BK-20121000009', 'B000001', 475000, 13, 6175000),
(334, 'T-BK-20121000009', 'B000019', 580000, 1, 580000),
(335, 'T-BK-20121000009', 'B000002', 650000, 1, 650000),
(336, 'T-BK-20121000010', 'B000008', 1100000, 1, 1100000),
(337, 'T-BK-20121000010', 'B000011', 300000, 3, 900000),
(338, 'T-BK-20121000010', 'B000002', 650000, 1, 650000),
(339, 'T-BK-20121000010', 'B000019', 580000, 3, 1740000),
(340, 'T-BK-20121000010', 'B000003', 650000, 10, 6500000),
(341, 'T-BK-20121000010', 'B000004', 650000, 14, 9100000),
(342, 'T-BK-20121000011', 'B000004', 650000, 1, 650000),
(343, 'T-BK-20121000011', 'B000002', 650000, 1, 650000),
(344, 'T-BK-20121000011', 'B000003', 650000, 1, 650000),
(345, 'T-BK-20121100001', 'B000004', 650000, 2, 1300000),
(346, 'T-BK-20121100001', 'B000002', 650000, 2, 1300000),
(347, 'T-BK-20121100001', 'B000019', 580000, 2, 1160000),
(348, 'T-BK-20121100001', 'B000001', 475000, 5, 2375000),
(349, 'T-BK-20121100001', 'B000010', 475000, 1, 475000),
(350, 'T-BK-20121100002', 'B000001', 475000, 2, 950000),
(351, 'T-BK-20121100002', 'B000002', 650000, 1, 650000),
(352, 'T-BK-20121100003', 'B000001', 475000, 150, 71250000),
(353, 'T-BK-20121100003', 'B000002', 650000, 50, 32500000),
(354, 'T-BK-20121100003', 'B000004', 650000, 50, 32500000),
(355, 'T-BK-20121100004', 'B000001', 475000, 1, 475000),
(356, 'T-BK-20121100005', 'B000001', 475000, 1, 475000),
(357, 'T-BK-20121100005', 'B000002', 650000, 1, 650000),
(358, 'T-BK-20121100006', 'B000001', 475000, 16, 7600000),
(359, 'T-BK-20121100006', 'B000002', 650000, 1, 650000),
(360, 'T-BK-20121100006', 'B000004', 650000, 1.5, 975000),
(361, 'T-BK-20121100006', 'B000003', 650000, 1.5, 975000),
(362, 'T-BK-20121100007', 'B000001', 475000, 10, 4750000),
(363, 'T-BK-20121100007', 'B000002', 650000, 4, 2600000),
(364, 'T-BK-20121100007', 'B000004', 650000, 3, 1950000),
(365, 'T-BK-20121100007', 'B000003', 650000, 1, 650000),
(366, 'T-BK-20121100008', 'B000001', 475000, 15, 7125000),
(367, 'T-BK-20121100008', 'B000002', 650000, 8, 5200000),
(368, 'T-BK-20121100008', 'B000004', 650000, 2, 1300000),
(369, 'T-BK-20121100008', 'B000019', 580000, 1, 580000),
(370, 'T-BK-20121100009', 'B000001', 475000, 1, 475000),
(371, 'T-BK-20121100009', 'B000004', 650000, 1, 650000),
(372, 'T-BK-20121100010', 'B000001', 475000, 1, 475000),
(373, 'T-BK-20121100010', 'B000019', 580000, 1, 580000),
(374, 'T-BK-20121100011', 'B000004', 650000, 1, 650000),
(375, 'T-BK-20121100011', 'B000011', 300000, 1, 300000),
(376, 'T-BK-20121200001', 'B000002', 650000, 1, 650000),
(377, 'T-BK-20121200001', 'B000019', 580000, 3, 1740000),
(378, 'T-BK-20121200001', 'B000001', 475000, 4, 1900000),
(379, 'T-BK-20121200002', 'B000001', 475000, 9, 4275000),
(380, 'T-BK-20121200002', 'B000004', 650000, 3, 1950000),
(381, 'T-BK-20121200002', 'B000002', 650000, 1, 650000),
(382, 'T-BK-20121200002', 'B000019', 580000, 1, 580000),
(383, 'T-BK-20121200003', 'B000001', 475000, 5, 2375000),
(384, 'T-BK-20121200003', 'B000002', 650000, 2, 1300000),
(385, 'T-BK-20121200003', 'B000004', 650000, 1, 650000),
(386, 'T-BK-20121200004', 'B000001', 475000, 10, 4750000),
(387, 'T-BK-20121200004', 'B000019', 580000, 3, 1740000),
(388, 'T-BK-20121200004', 'B000008', 1100000, 1, 1100000),
(389, 'T-BK-20121200004', 'B000002', 650000, 5, 3250000),
(390, 'T-BK-20121200005', 'B000001', 475000, 5, 2375000),
(391, 'T-BK-20121300001', 'B000001', 475000, 20, 9500000),
(392, 'T-BK-20121300001', 'B000004', 650000, 10, 6500000),
(393, 'T-BK-20121300001', 'B000002', 650000, 10, 6500000),
(394, 'T-BK-20121300001', 'B000003', 650000, 5, 3250000),
(395, 'T-BK-20121300001', 'B000008', 1100000, 2, 2200000),
(396, 'T-BK-20121300002', 'B000001', 475000, 20, 9500000),
(397, 'T-BK-20121300002', 'B000002', 650000, 10, 6500000),
(398, 'T-BK-20121300002', 'B000004', 650000, 6, 3900000),
(399, 'T-BK-20121300002', 'B000019', 580000, 1, 580000),
(400, 'T-BK-20121300002', 'B000018', 600000, 2, 1200000),
(401, 'T-BK-20121300003', 'B000001', 475000, 1, 475000),
(402, 'T-BK-20121300003', 'B000004', 650000, 1, 650000),
(403, 'T-BK-20121300004', 'B000001', 475000, 2, 950000),
(404, 'T-BK-20121300004', 'B000004', 650000, 1, 650000),
(405, 'T-BK-20121300004', 'B000002', 650000, 1, 650000),
(406, 'T-BK-20121300005', 'B000001', 475000, 1, 475000),
(407, 'T-BK-20121300006', 'B000008', 1100000, 1, 1100000),
(408, 'T-BK-20121300007', 'B000001', 475000, 6, 2850000),
(409, 'T-BK-20121300007', 'B000004', 650000, 1, 650000),
(410, 'T-BK-20121300008', 'B000004', 650000, 1, 650000),
(411, 'T-BK-20121300008', 'B000002', 650000, 2, 1300000),
(412, 'T-BK-20121300008', 'B000001', 475000, 5, 2375000),
(413, 'T-BK-20121300008', 'B000010', 475000, 2, 950000),
(414, 'T-BK-20121300009', 'B000001', 475000, 20, 9500000),
(415, 'T-BK-20121300009', 'B000002', 650000, 5, 3250000),
(416, 'T-BK-20121300009', 'B000004', 650000, 4, 2600000),
(417, 'T-BK-20121400001', 'B000001', 475000, 4, 1900000),
(418, 'T-BK-20121400001', 'B000002', 650000, 4, 2600000),
(419, 'T-BK-20121400001', 'B000004', 650000, 2, 1300000),
(420, 'T-BK-20121400002', 'B000001', 475000, 6, 2850000),
(421, 'T-BK-20121400002', 'B000002', 650000, 2, 1300000),
(422, 'T-BK-20121400002', 'B000004', 650000, 1, 650000),
(423, 'T-BK-20121400003', 'B000001', 475000, 10, 4750000),
(424, 'T-BK-20121400003', 'B000004', 650000, 2, 1300000),
(425, 'T-BK-20121400003', 'B000002', 650000, 3, 1950000),
(426, 'T-BK-20121400003', 'B000003', 650000, 1, 650000),
(427, 'T-BK-20121400004', 'B000002', 650000, 1, 650000),
(428, 'T-BK-20121400005', 'B000001', 475000, 2, 950000),
(429, 'T-BK-20121400006', 'B000008', 1100000, 1, 1100000),
(430, 'T-BK-20121400007', 'B000001', 475000, 4, 1900000),
(431, 'T-BK-20121400007', 'B000003', 650000, 0.5, 325000),
(432, 'T-BK-20121400008', 'B000004', 650000, 2, 1300000),
(433, 'T-BK-20121400008', 'B000003', 650000, 1, 650000),
(434, 'T-BK-20121400008', 'B000002', 650000, 1, 650000),
(435, 'T-BK-20121400009', 'B000002', 650000, 1, 650000),
(436, 'T-BK-20121400009', 'B000001', 475000, 2, 950000),
(437, 'T-BK-20121400010', 'B000004', 650000, 1, 650000),
(438, 'T-BK-20121500001', 'B000001', 475000, 2, 950000),
(439, 'T-BK-20121500001', 'B000003', 650000, 0.5, 325000),
(440, 'T-BK-20121500002', 'B000001', 475000, 2, 950000),
(441, 'T-BK-20121500002', 'B000004', 650000, 1, 650000),
(442, 'T-BK-20121500003', 'B000001', 475000, 20, 9500000),
(443, 'T-BK-20121500003', 'B000004', 650000, 5, 3250000),
(444, 'T-BK-20121500003', 'B000002', 650000, 8, 5200000),
(445, 'T-BK-20121500003', 'B000003', 650000, 1, 650000),
(446, 'T-BK-20121500003', 'B000018', 600000, 2, 1200000),
(447, 'T-BK-20121500004', 'B000001', 475000, 8, 3800000),
(448, 'T-BK-20121500004', 'B000002', 650000, 3, 1950000),
(449, 'T-BK-20121500004', 'B000004', 650000, 2, 1300000),
(450, 'T-BK-20121500005', 'B000004', 650000, 1, 650000),
(451, 'T-BK-20121500005', 'B000002', 650000, 1, 650000),
(452, 'T-BK-20121500005', 'B000003', 650000, 1, 650000),
(453, 'T-BK-20121500005', 'B000001', 475000, 3, 1425000),
(454, 'T-BK-20121500006', 'B000002', 650000, 2, 1300000),
(455, 'T-BK-20121500006', 'B000004', 650000, 1, 650000),
(456, 'T-BK-20121500006', 'B000001', 475000, 1, 475000),
(457, 'T-BK-20121500007', 'B000004', 650000, 1, 650000),
(458, 'T-BK-20121500008', 'B000001', 475000, 5, 2375000),
(459, 'T-BK-20121500008', 'B000004', 650000, 2, 1300000),
(460, 'T-BK-20121600001', 'B000001', 475000, 3, 1425000),
(461, 'T-BK-20121600002', 'B000001', 475000, 1, 475000),
(462, 'T-BK-20121600002', 'B000003', 650000, 0.5, 325000),
(463, 'T-BK-20121700001', 'B000013', 380000, 2, 760000),
(464, 'T-BK-20121700002', 'B000001', 475000, 9, 4275000),
(465, 'T-BK-20121700002', 'B000004', 650000, 2, 1300000),
(466, 'T-BK-20121700002', 'B000002', 650000, 1, 650000),
(467, 'T-BK-20121700003', 'B000001', 475000, 5, 2375000),
(468, 'T-BK-20121700003', 'B000019', 580000, 4, 2320000),
(469, 'T-BK-20121700003', 'B000004', 650000, 1, 650000),
(470, 'T-BK-20121700003', 'B000002', 650000, 2, 1300000),
(471, 'T-BK-20121700004', 'B000001', 475000, 27, 12825000),
(472, 'T-BK-20121700004', 'B000004', 650000, 5, 3250000),
(473, 'T-BK-20121700004', 'B000002', 650000, 8, 5200000),
(474, 'T-BK-20121700004', 'B000003', 650000, 1, 650000),
(475, 'T-BK-20121700004', 'B000019', 580000, 1, 580000),
(476, 'T-BK-20121700005', 'B000004', 650000, 2, 1300000),
(477, 'T-BK-20121700005', 'B000002', 650000, 1, 650000),
(478, 'T-BK-20121700006', 'B000014', 380000, 2, 760000),
(479, 'T-BK-20121700007', 'B000001', 475000, 1, 475000),
(480, 'T-BK-20121700007', 'B000002', 650000, 1, 650000),
(481, 'T-BK-20121700008', 'B000001', 475000, 1, 475000),
(482, 'T-BK-20121700008', 'B000004', 650000, 1, 650000),
(483, 'T-BK-20121700009', 'B000018', 600000, 1, 600000),
(484, 'T-BK-20121700010', 'B000001', 475000, 1, 475000),
(485, 'T-BK-20121700011', 'B000001', 475000, 1, 475000),
(486, 'T-BK-20121700012', 'B000001', 475000, 2, 950000),
(487, 'T-BK-20121700013', 'B000001', 475000, 27, 12825000),
(488, 'T-BK-20121700013', 'B000004', 650000, 5, 3250000),
(489, 'T-BK-20121700013', 'B000002', 650000, 5, 3250000),
(490, 'T-BK-20121700013', 'B000003', 650000, 3, 1950000),
(491, 'T-BK-20121700013', 'B000008', 1100000, 1, 1100000),
(492, 'T-BK-20121700014', 'B000001', 475000, 1, 475000),
(493, 'T-BK-20121700014', 'B000004', 650000, 1, 650000),
(494, 'T-BK-20121700015', 'B000019', 580000, 2, 1160000),
(495, 'T-BK-20121700015', 'B000001', 475000, 1, 475000),
(496, 'T-BK-20121800001', 'B000004', 650000, 2, 1300000),
(497, 'T-BK-20121800001', 'B000003', 650000, 30, 19500000),
(498, 'T-BK-20121800002', 'B000004', 650000, 13, 8450000),
(499, 'T-BK-20121800002', 'B000002', 650000, 4, 2600000),
(500, 'T-BK-20121800002', 'B000003', 650000, 13, 8450000),
(501, 'T-BK-20121800003', 'B000014', 380000, 2, 760000),
(502, 'T-BK-20121800004', 'B000001', 475000, 4, 1900000),
(503, 'T-BK-20121800004', 'B000013', 380000, 1, 380000),
(504, 'T-BK-20121800004', 'B000004', 650000, 0.5, 325000),
(505, 'T-BK-20121800004', 'B000003', 650000, 0.5, 325000),
(506, 'T-BK-20121800005', 'B000001', 475000, 6, 2850000),
(507, 'T-BK-20121800005', 'B000004', 650000, 2, 1300000),
(508, 'T-BK-20121800005', 'B000002', 650000, 1, 650000),
(509, 'T-BK-20121800005', 'B000019', 580000, 1, 580000),
(510, 'T-BK-20121800006', 'B000001', 475000, 5, 2375000),
(511, 'T-BK-20121800006', 'B000013', 380000, 1, 380000),
(512, 'T-BK-20121800007', 'B000001', 475000, 10, 4750000),
(513, 'T-BK-20121800007', 'B000004', 650000, 2, 1300000),
(514, 'T-BK-20121800007', 'B000002', 650000, 2, 1300000),
(515, 'T-BK-20121800007', 'B000005', 650000, 1, 650000),
(516, 'T-BK-20121800007', 'B000019', 580000, 2, 1160000),
(517, 'T-BK-20121800008', 'B000001', 475000, 1, 475000),
(518, 'T-BK-20121800008', 'B000002', 650000, 1, 650000),
(519, 'T-BK-20121800009', 'B000001', 475000, 1, 475000),
(520, 'T-BK-20121800009', 'B000004', 650000, 1, 650000),
(521, 'T-BK-20121800010', 'B000001', 475000, 8, 3800000),
(522, 'T-BK-20121800010', 'B000004', 650000, 3, 1950000),
(523, 'T-BK-20121800010', 'B000018', 600000, 1, 600000),
(524, 'T-BK-20121800010', 'B000008', 1100000, 1, 1100000),
(525, 'T-BK-20121800010', 'B000002', 650000, 4, 2600000),
(526, 'T-BK-20121800010', 'B000019', 580000, 1, 580000),
(527, 'T-BK-20121800010', 'B000011', 300000, 1, 300000),
(528, 'T-BK-20121800011', 'B000001', 475000, 1, 475000),
(529, 'T-BK-20121800011', 'B000002', 650000, 1, 650000),
(530, 'T-BK-20121800012', 'B000001', 475000, 1, 475000),
(531, 'T-BK-20121900001', 'B000001', 475000, 1, 475000),
(532, 'T-BK-20121900001', 'B000004', 650000, 1, 650000),
(533, 'T-BK-20121900002', 'B000002', 650000, 2, 1300000),
(534, 'T-BK-20121900003', 'B000001', 475000, 1, 475000),
(535, 'T-BK-20121900003', 'B000004', 650000, 1, 650000),
(536, 'T-BK-20121900004', 'B000002', 650000, 2, 1300000),
(537, 'T-BK-20121900004', 'B000004', 650000, 1, 650000),
(538, 'T-BK-20121900005', 'B000001', 475000, 6, 2850000),
(539, 'T-BK-20121900005', 'B000004', 650000, 2, 1300000),
(540, 'T-BK-20121900005', 'B000002', 650000, 3, 1950000),
(541, 'T-BK-20121900005', 'B000019', 580000, 3, 1740000),
(542, 'T-BK-20121900005', 'B000008', 1100000, 1, 1100000),
(543, 'T-BK-20121900006', 'B000001', 475000, 10, 4750000),
(544, 'T-BK-20121900006', 'B000002', 650000, 1, 650000),
(545, 'T-BK-20121900006', 'B000013', 380000, 1, 380000),
(546, 'T-BK-20121900007', 'B000001', 475000, 32, 15200000),
(547, 'T-BK-20121900007', 'B000004', 650000, 10, 6500000),
(548, 'T-BK-20121900007', 'B000002', 650000, 10, 6500000),
(549, 'T-BK-20121900007', 'B000019', 580000, 8, 4640000),
(550, 'T-BK-20121900008', 'B000001', 475000, 8, 3800000),
(551, 'T-BK-20121900008', 'B000002', 650000, 4, 2600000),
(552, 'T-BK-20121900009', 'B000001', 475000, 15, 7125000),
(553, 'T-BK-20121900009', 'B000004', 650000, 5, 3250000),
(554, 'T-BK-20121900009', 'B000002', 650000, 10, 6500000),
(555, 'T-BK-20121900010', 'B000003', 650000, 1, 650000),
(556, 'T-BK-20121900011', 'B000001', 475000, 1, 475000),
(557, 'T-BK-20121900012', 'B000001', 475000, 2, 950000),
(558, 'T-BK-20122000001', 'B000001', 475000, 4, 1900000),
(559, 'T-BK-20122000001', 'B000002', 650000, 1, 650000),
(560, 'T-BK-20122000002', 'B000001', 475000, 1, 475000),
(561, 'T-BK-20122000002', 'B000004', 650000, 0.5, 325000),
(562, 'T-BK-20122000003', 'B000001', 475000, 7, 3325000),
(563, 'T-BK-20122000003', 'B000002', 650000, 2, 1300000),
(564, 'T-BK-20122000003', 'B000003', 650000, 1, 650000),
(565, 'T-BK-20122000003', 'B000011', 300000, 1, 300000),
(566, 'T-BK-20122000004', 'B000019', 580000, 1, 580000),
(567, 'T-BK-20122000004', 'B000004', 650000, 1, 650000),
(568, 'T-BK-20122000005', 'B000001', 475000, 100, 47500000),
(569, 'T-BK-20122000005', 'B000002', 650000, 10, 6500000),
(570, 'T-BK-20122000005', 'B000004', 650000, 15, 9750000),
(571, 'T-BK-20122000006', 'B000002', 650000, 12, 7800000),
(572, 'T-BK-20122000006', 'B000008', 1100000, 2, 2200000),
(573, 'T-BK-20122000006', 'B000012', 55000, 12, 660000),
(574, 'T-BK-21011600001', 'B000002', 650000, 2, 1300000),
(575, 'T-BK-21011600001', 'B000010', 475000, 1, 475000),
(576, 'T-BK-21011600002', 'B000002', 650000, 2, 1300000),
(577, 'T-BK-21011600003', 'B000010', 475000, 2, 950000),
(578, 'T-BK-21011600004', 'B000002', 650000, 4, 2600000),
(579, 'T-BK-21011600005', 'B000005', 650000, 14, 9100000),
(580, 'T-BK-21011600005', 'B000011', 300000, 4, 1200000),
(581, 'T-BK-21011600005', 'B000003', 650000, 12, 7800000),
(582, 'T-BK-21011600006', 'B000008', 1100000, 1, 1100000),
(583, 'T-BK-21011600006', 'B000011', 300000, 12, 3600000),
(584, 'T-BK-21011600007', 'B000002', 650000, 13, 8450000),
(585, 'T-BK-21011600008', 'B000003', 650000, 12, 7800000),
(586, 'T-BK-21011600009', 'B000011', 300000, 15, 4500000),
(587, 'T-BK-21011600010', 'B000003', 650000, 12, 7800000),
(588, 'T-BK-21011600011', 'B000013', 380000, 2, 760000),
(589, 'T-BK-21011600012', 'B000004', 650000, 5, 3250000),
(590, 'T-BK-21011600013', 'B000017', 1600000, 2, 3200000),
(591, 'T-BK-21011600014', 'B000018', 600000, 4, 2400000),
(592, 'T-BK-21011600015', 'B000005', 650000, 2, 1300000),
(593, 'T-BK-21011700001', 'B000002', 650000, 4, 2600000),
(594, 'T-BK-21011700002', 'B000008', 1100000, 2, 2200000),
(595, 'T-BK-21011700002', 'B000017', 1600000, 2, 3200000),
(596, 'T-BK-21011700003', 'B000003', 650000, 3, 1950000);

--
-- Triggers `barang_keluar_dtl`
--
DROP TRIGGER IF EXISTS `delete_stok_keluar`;
DELIMITER $$
CREATE TRIGGER `delete_stok_keluar` AFTER DELETE ON `barang_keluar_dtl` FOR EACH ROW UPDATE `barang` SET `barang`.`stok` = `barang`.`stok` + OLD.jumlah_keluar WHERE `barang`.`id_barang` = OLD.barang_id
$$
DELIMITER ;
DROP TRIGGER IF EXISTS `update_stok_keluar`;
DELIMITER $$
CREATE TRIGGER `update_stok_keluar` BEFORE INSERT ON `barang_keluar_dtl` FOR EACH ROW UPDATE `barang` SET `barang`.`stok` = `barang`.`stok` - NEW.jumlah_keluar WHERE `barang`.`id_barang` = NEW.barang_id
$$
DELIMITER ;

-- --------------------------------------------------------

--
-- Table structure for table `barang_masuk`
--
-- Creation: Dec 20, 2020 at 06:18 AM
--

DROP TABLE IF EXISTS `barang_masuk`;
CREATE TABLE `barang_masuk` (
  `id_barang_masuk` char(16) NOT NULL,
  `supplier_id` int(11) NOT NULL,
  `user_id` int(11) NOT NULL,
  `barang_id` char(7) NOT NULL,
  `jumlah_masuk` double NOT NULL,
  `tanggal_masuk` date NOT NULL
) ENGINE=InnoDB DEFAULT CHARSET=utf8 ROW_FORMAT=COMPACT;

--
-- Truncate table before insert `barang_masuk`
--

TRUNCATE TABLE `barang_masuk`;
--
-- Dumping data for table `barang_masuk`
--

INSERT INTO `barang_masuk` (`id_barang_masuk`, `supplier_id`, `user_id`, `barang_id`, `jumlah_masuk`, `tanggal_masuk`) VALUES
('T-BM-20112300001', 5, 1, 'B000001', 35, '2020-11-23'),
('T-BM-20112300002', 5, 1, 'B000002', 30, '2020-11-23'),
('T-BM-20112300003', 5, 1, 'B000004', 24, '2020-11-23'),
('T-BM-20112300004', 5, 1, 'B000003', 15, '2020-11-23'),
('T-BM-20112300005', 5, 1, 'B000008', 5, '2020-11-23'),
('T-BM-20112300006', 5, 1, 'B000005', 11, '2020-11-23'),
('T-BM-20112300007', 5, 1, 'B000011', 158, '2020-11-23'),
('T-BM-20112300008', 5, 1, 'B000010', 5, '2020-11-23'),
('T-BM-20112300009', 5, 1, 'B000009', 3, '2020-11-23'),
('T-BM-20112300010', 5, 1, 'B000015', 3, '2020-11-23'),
('T-BM-20112300011', 5, 1, 'B000012', 3, '2020-11-23'),
('T-BM-20112300012', 6, 1, 'B000014', 5, '2020-11-23'),
('T-BM-20112400001', 5, 1, 'B000001', 200, '2020-11-24'),
('T-BM-20112400002', 5, 1, 'B000004', 40, '2020-11-24'),
('T-BM-20112400003', 5, 1, 'B000016', 4, '2020-11-24'),
('T-BM-20112400004', 5, 1, 'B000017', 2, '2020-11-24'),
('T-BM-20112400007', 5, 1, 'B000002', 80, '2020-11-24'),
('T-BM-20112400008', 5, 1, 'B000003', 30, '2020-11-24'),
('T-BM-20112400009', 5, 1, 'B000008', 10, '2020-11-24'),
('T-BM-20112600001', 5, 1, 'B000001', 194, '2020-11-26'),
('T-BM-20112600002', 5, 1, 'B000001', 100, '2020-11-26'),
('T-BM-20112600003', 5, 1, 'B000002', 20, '2020-11-26'),
('T-BM-20112600004', 5, 1, 'B000004', 60, '2020-11-26'),
('T-BM-20112600005', 5, 1, 'B000003', 40, '2020-11-26'),
('T-BM-20112600007', 5, 1, 'B000005', 10, '2020-11-26'),
('T-BM-20112700001', 5, 1, 'B000001', 33, '2020-11-27'),
('T-BM-20112800001', 5, 1, 'B000018', 60, '2020-11-28'),
('T-BM-20112800002', 5, 1, 'B000019', 53, '2020-11-28'),
('T-BM-20112800003', 5, 1, 'B000001', 6, '2020-11-28'),
('T-BM-20120600001', 5, 1, 'B000001', 189, '2020-12-06'),
('T-BM-20120600002', 5, 1, 'B000004', 176, '2020-12-06'),
('T-BM-20120600003', 5, 1, 'B000002', 84, '2020-12-06'),
('T-BM-20120600004', 5, 1, 'B000003', 70, '2020-12-06'),
('T-BM-20120600005', 5, 1, 'B000019', 24, '2020-12-06'),
('T-BM-20120600006', 5, 1, 'B000008', 20, '2020-12-06'),
('T-BM-20120600007', 5, 1, 'B000009', 10, '2020-12-06'),
('T-BM-20120600008', 6, 1, 'B000013', 30, '2020-12-06'),
('T-BM-20120600009', 5, 1, 'B000017', 1, '2020-12-06'),
('T-BM-20120600010', 5, 1, 'B000015', 2, '2020-12-06'),
('T-BM-20120600011', 5, 1, 'B000011', 50.5, '2020-12-06'),
('T-BM-20120600012', 5, 1, 'B000012', 10, '2020-12-06'),
('T-BM-20120600013', 5, 1, 'B000010', 1, '2020-12-06'),
('T-BM-20120600014', 5, 1, 'B000001', 200, '2020-12-06'),
('T-BM-20120600015', 5, 1, 'B000002', 50, '2020-12-06'),
('T-BM-20120600016', 5, 1, 'B000011', 2.5, '2020-12-06'),
('T-BM-20121100001', 5, 1, 'B000001', 150, '2020-12-11'),
('T-BM-20121100002', 5, 1, 'B000002', 50, '2020-12-11'),
('T-BM-20121100003', 5, 1, 'B000004', 50, '2020-12-11'),
('T-BM-20121100004', 5, 1, 'B000003', 30, '2020-12-11'),
('T-BM-20121100005', 5, 1, 'B000002', 40, '2020-12-11'),
('T-BM-20121100006', 5, 1, 'B000016', 9, '2020-12-11'),
('T-BM-20121100007', 5, 1, 'B000004', 40, '2020-12-11'),
('T-BM-20121100008', 5, 1, 'B000001', 100, '2020-12-11'),
('T-BM-20121100009', 5, 1, 'B000010', 10, '2020-12-11'),
('T-BM-20121400001', 5, 1, 'B000001', 170, '2020-12-14'),
('T-BM-20121400002', 5, 1, 'B000002', 40, '2020-12-14'),
('T-BM-20121400003', 5, 1, 'B000004', 40, '2020-12-14'),
('T-BM-20121400004', 5, 1, 'B000008', 1, '2020-12-14'),
('T-BM-20121500001', 5, 1, 'B000003', 0.5, '2020-12-15'),
('T-BM-20121600001', 5, 1, 'B000003', 40, '2020-12-16'),
('T-BM-20121600002', 5, 1, 'B000002', 70, '2020-12-16'),
('T-BM-20121600003', 5, 1, 'B000004', 40, '2020-12-16'),
('T-BM-20121600004', 5, 1, 'B000019', 40, '2020-12-16'),
('T-BM-20121600005', 5, 1, 'B000001', 70, '2020-12-16'),
('T-BM-20121800001', 5, 1, 'B000002', 50, '2020-12-18'),
('T-BM-20121800002', 5, 1, 'B000001', 120, '2020-12-18'),
('T-BM-20121800003', 5, 1, 'B000003', 40, '2020-12-18'),
('T-BM-20121800004', 5, 1, 'B000004', 50, '2020-12-18'),
('T-BM-20122000001', 5, 1, 'B000002', 50, '2020-12-20'),
('T-BM-20122000002', 5, 1, 'B000004', 50, '2020-12-20'),
('T-BM-20122000003', 5, 1, 'B000001', 130, '2020-12-20'),
('T-BM-20122000004', 5, 1, 'B000011', 20, '2020-12-20'),
('T-BM-20122000005', 5, 1, 'B000017', 7, '2020-12-20'),
('T-BM-20122000006', 5, 1, 'B000019', 7, '2020-12-20'),
('T-BM-20122000007', 6, 1, 'B000014', 7, '2020-12-20');

--
-- Triggers `barang_masuk`
--
DROP TRIGGER IF EXISTS `update_stok_masuk`;
DELIMITER $$
CREATE TRIGGER `update_stok_masuk` BEFORE INSERT ON `barang_masuk` FOR EACH ROW UPDATE `barang` SET `barang`.`stok` = `barang`.`stok` + NEW.jumlah_masuk WHERE `barang`.`id_barang` = NEW.barang_id
$$
DELIMITER ;

-- --------------------------------------------------------

--
-- Table structure for table `customer`
--
-- Creation: Jan 16, 2021 at 11:03 AM
--

DROP TABLE IF EXISTS `customer`;
CREATE TABLE `customer` (
  `id` int(11) NOT NULL,
  `fullname` varchar(100) NOT NULL,
  `address` varchar(250) NOT NULL,
  `phone` varchar(16) NOT NULL,
  `created_at` datetime DEFAULT CURRENT_TIMESTAMP
) ENGINE=InnoDB DEFAULT CHARSET=utf8mb4;

--
-- Truncate table before insert `customer`
--

TRUNCATE TABLE `customer`;
--
-- Dumping data for table `customer`
--

INSERT INTO `customer` (`id`, `fullname`, `address`, `phone`, `created_at`) VALUES
(1, 'Doyokz', 'Jalanan Depan Gang', '08272787999', '2021-01-16 11:50:23'),
(2, 'Jaenal', 'Kubah Sayur', '087721631736', '2021-01-16 12:45:47'),
(3, 'Solomon', 'Jalan tol', '088888888888', '2021-01-17 02:07:12'),
(4, 'Guido Raynor', '71114 Schuster Shores', '071238882711', '2021-01-17 08:20:47');

-- --------------------------------------------------------

--
-- Table structure for table `jenis`
--
-- Creation: Dec 20, 2020 at 06:18 AM
--

DROP TABLE IF EXISTS `jenis`;
CREATE TABLE `jenis` (
  `id_jenis` int(11) NOT NULL,
  `nama_jenis` varchar(20) NOT NULL
) ENGINE=InnoDB DEFAULT CHARSET=utf8 ROW_FORMAT=COMPACT;

--
-- Truncate table before insert `jenis`
--

TRUNCATE TABLE `jenis`;
--
-- Dumping data for table `jenis`
--

INSERT INTO `jenis` (`id_jenis`, `nama_jenis`) VALUES
(10, 'Minuman/Jamu');

-- --------------------------------------------------------

--
-- Table structure for table `satuan`
--
-- Creation: Dec 20, 2020 at 06:18 AM
--

DROP TABLE IF EXISTS `satuan`;
CREATE TABLE `satuan` (
  `id_satuan` int(11) NOT NULL,
  `nama_satuan` varchar(15) NOT NULL
) ENGINE=InnoDB DEFAULT CHARSET=utf8 ROW_FORMAT=COMPACT;

--
-- Truncate table before insert `satuan`
--

TRUNCATE TABLE `satuan`;
--
-- Dumping data for table `satuan`
--

INSERT INTO `satuan` (`id_satuan`, `nama_satuan`) VALUES
(6, 'Karton'),
(7, 'Botol');

-- --------------------------------------------------------

--
-- Table structure for table `supplier`
--
-- Creation: Dec 20, 2020 at 06:18 AM
--

DROP TABLE IF EXISTS `supplier`;
CREATE TABLE `supplier` (
  `id_supplier` int(11) NOT NULL,
  `nama_supplier` varchar(50) NOT NULL,
  `no_telp` varchar(15) NOT NULL,
  `alamat` text NOT NULL
) ENGINE=InnoDB DEFAULT CHARSET=utf8 ROW_FORMAT=COMPACT;

--
-- Truncate table before insert `supplier`
--

TRUNCATE TABLE `supplier`;
--
-- Dumping data for table `supplier`
--

INSERT INTO `supplier` (`id_supplier`, `nama_supplier`, `no_telp`, `alamat`) VALUES
(5, 'PT Adi Makmur Santosa', '085314522528', 'Jl. Sukarno Hatta, Bandung'),
(6, 'PT Multi Bintang', '082121678861', 'Jl. Jendral Sudirman, Garut');

-- --------------------------------------------------------

--
-- Table structure for table `user`
--
-- Creation: Dec 20, 2020 at 06:18 AM
--

DROP TABLE IF EXISTS `user`;
CREATE TABLE `user` (
  `id_user` int(11) NOT NULL,
  `nama` varchar(50) NOT NULL,
  `username` varchar(50) NOT NULL,
  `email` varchar(100) NOT NULL,
  `no_telp` varchar(15) NOT NULL,
  `role` enum('gudang','admin') NOT NULL,
  `password` varchar(255) NOT NULL,
  `created_at` int(11) NOT NULL,
  `foto` text NOT NULL,
  `is_active` tinyint(1) NOT NULL
) ENGINE=InnoDB DEFAULT CHARSET=utf8 ROW_FORMAT=COMPACT;

--
-- Truncate table before insert `user`
--

TRUNCATE TABLE `user`;
--
-- Dumping data for table `user`
--

INSERT INTO `user` (`id_user`, `nama`, `username`, `email`, `no_telp`, `role`, `password`, `created_at`, `foto`, `is_active`) VALUES
(1, 'Adminisitrator', 'admin', 'admin@admin.com', '025123456789', 'admin', '$2y$10$Mh4022E8uLMx3KaXme7ofuiIZvGqAqmTsuu/NsjD8cFgRlpZR3FBa', 1568689561, 'd5f22535b639d55be7d099a7315e1f7f.png', 1);

--
-- Indexes for dumped tables
--

--
-- Indexes for table `barang`
--
ALTER TABLE `barang`
  ADD PRIMARY KEY (`id_barang`) USING BTREE,
  ADD KEY `satuan_id` (`satuan_id`) USING BTREE,
  ADD KEY `kategori_id` (`jenis_id`) USING BTREE;

--
-- Indexes for table `barang_keluar`
--
ALTER TABLE `barang_keluar`
  ADD PRIMARY KEY (`id_barang_keluar`) USING BTREE,
  ADD KEY `id_user` (`user_id`) USING BTREE,
  ADD KEY `id_customer` (`id_customer`);

--
-- Indexes for table `barang_keluar_copy1`
--
ALTER TABLE `barang_keluar_copy1`
  ADD PRIMARY KEY (`id_barang_keluar`) USING BTREE,
  ADD KEY `id_user` (`user_id`) USING BTREE,
  ADD KEY `barang_id` (`barang_id`) USING BTREE;

--
-- Indexes for table `barang_keluar_dtl`
--
ALTER TABLE `barang_keluar_dtl`
  ADD PRIMARY KEY (`id_detail`) USING BTREE,
  ADD KEY `barang_keluar_dtl_ibfk_1` (`id_barang_keluar`) USING BTREE;

--
-- Indexes for table `barang_masuk`
--
ALTER TABLE `barang_masuk`
  ADD PRIMARY KEY (`id_barang_masuk`) USING BTREE,
  ADD KEY `id_user` (`user_id`) USING BTREE,
  ADD KEY `supplier_id` (`supplier_id`) USING BTREE,
  ADD KEY `barang_id` (`barang_id`) USING BTREE;

--
-- Indexes for table `customer`
--
ALTER TABLE `customer`
  ADD PRIMARY KEY (`id`);

--
-- Indexes for table `jenis`
--
ALTER TABLE `jenis`
  ADD PRIMARY KEY (`id_jenis`) USING BTREE;

--
-- Indexes for table `satuan`
--
ALTER TABLE `satuan`
  ADD PRIMARY KEY (`id_satuan`) USING BTREE;

--
-- Indexes for table `supplier`
--
ALTER TABLE `supplier`
  ADD PRIMARY KEY (`id_supplier`) USING BTREE;

--
-- Indexes for table `user`
--
ALTER TABLE `user`
  ADD PRIMARY KEY (`id_user`) USING BTREE;

--
-- AUTO_INCREMENT for dumped tables
--

--
-- AUTO_INCREMENT for table `barang_keluar_dtl`
--
ALTER TABLE `barang_keluar_dtl`
  MODIFY `id_detail` int(11) NOT NULL AUTO_INCREMENT, AUTO_INCREMENT=597;

--
-- AUTO_INCREMENT for table `customer`
--
ALTER TABLE `customer`
  MODIFY `id` int(11) NOT NULL AUTO_INCREMENT, AUTO_INCREMENT=5;

--
-- AUTO_INCREMENT for table `jenis`
--
ALTER TABLE `jenis`
  MODIFY `id_jenis` int(11) NOT NULL AUTO_INCREMENT, AUTO_INCREMENT=11;

--
-- AUTO_INCREMENT for table `satuan`
--
ALTER TABLE `satuan`
  MODIFY `id_satuan` int(11) NOT NULL AUTO_INCREMENT, AUTO_INCREMENT=8;

--
-- AUTO_INCREMENT for table `supplier`
--
ALTER TABLE `supplier`
  MODIFY `id_supplier` int(11) NOT NULL AUTO_INCREMENT, AUTO_INCREMENT=7;

--
-- AUTO_INCREMENT for table `user`
--
ALTER TABLE `user`
  MODIFY `id_user` int(11) NOT NULL AUTO_INCREMENT, AUTO_INCREMENT=2;

--
-- Constraints for dumped tables
--

--
-- Constraints for table `barang`
--
ALTER TABLE `barang`
  ADD CONSTRAINT `barang_ibfk_1` FOREIGN KEY (`satuan_id`) REFERENCES `satuan` (`id_satuan`) ON DELETE CASCADE ON UPDATE CASCADE,
  ADD CONSTRAINT `barang_ibfk_2` FOREIGN KEY (`jenis_id`) REFERENCES `jenis` (`id_jenis`) ON DELETE CASCADE ON UPDATE CASCADE;

--
-- Constraints for table `barang_keluar`
--
ALTER TABLE `barang_keluar`
  ADD CONSTRAINT `barang_keluar_ibfk_1` FOREIGN KEY (`user_id`) REFERENCES `user` (`id_user`) ON DELETE CASCADE ON UPDATE CASCADE,
  ADD CONSTRAINT `barang_keluar_ibfk_2` FOREIGN KEY (`id_customer`) REFERENCES `customer` (`id`) ON DELETE NO ACTION ON UPDATE CASCADE;

--
-- Constraints for table `barang_keluar_copy1`
--
ALTER TABLE `barang_keluar_copy1`
  ADD CONSTRAINT `barang_keluar_copy1_ibfk_1` FOREIGN KEY (`user_id`) REFERENCES `user` (`id_user`) ON DELETE CASCADE ON UPDATE CASCADE,
  ADD CONSTRAINT `barang_keluar_copy1_ibfk_2` FOREIGN KEY (`barang_id`) REFERENCES `barang` (`id_barang`) ON DELETE CASCADE ON UPDATE CASCADE;

--
-- Constraints for table `barang_keluar_dtl`
--
ALTER TABLE `barang_keluar_dtl`
  ADD CONSTRAINT `barang_keluar_dtl_ibfk_1` FOREIGN KEY (`id_barang_keluar`) REFERENCES `barang_keluar` (`id_barang_keluar`) ON DELETE CASCADE ON UPDATE CASCADE;

--
-- Constraints for table `barang_masuk`
--
ALTER TABLE `barang_masuk`
  ADD CONSTRAINT `barang_masuk_ibfk_1` FOREIGN KEY (`user_id`) REFERENCES `user` (`id_user`) ON DELETE CASCADE ON UPDATE CASCADE,
  ADD CONSTRAINT `barang_masuk_ibfk_2` FOREIGN KEY (`supplier_id`) REFERENCES `supplier` (`id_supplier`) ON DELETE CASCADE ON UPDATE CASCADE,
  ADD CONSTRAINT `barang_masuk_ibfk_3` FOREIGN KEY (`barang_id`) REFERENCES `barang` (`id_barang`) ON DELETE CASCADE ON UPDATE CASCADE;
COMMIT;

/*!40101 SET CHARACTER_SET_CLIENT=@OLD_CHARACTER_SET_CLIENT */;
/*!40101 SET CHARACTER_SET_RESULTS=@OLD_CHARACTER_SET_RESULTS */;
/*!40101 SET COLLATION_CONNECTION=@OLD_COLLATION_CONNECTION */;
